Transaction_ID,Transaction_Date,Transaction_Amount,Transaction_Status,Transaction_Type,Customer_ID,Customer_Name,Gender,DOB,Email,Phone,Customer_City,Card_ID,Card_Type,Issuer_Bank,Card_Tier,Expiry_Date,Merchant_ID,Merchant_Name,Merchant_Category,Merchant_Country,Location_ID,City,State,Country
T1000,2024-10-30,71630.36,FAIL,pos,C1000,Danielle Taylor,M,1952-01-19,,7117550026,Ahmedabad,Card1000,Debit,Rhodes PLC,Silver,2025-09-07,M1000,Garza Inc,Grocery,Inda,L1000,Lucknow,Telangana,india
T1001,2023-07-15,61890.12,Fraudulent,atm,C1001,Lance Hoffman,M,1950-11-06,lance.hoffman@outlook.com,9086875935,Mumbai,Card1001,Credit,"Santos, Gardner and Robinson",Gold,2027-05-02,M1001,"Ramirez, Booth and Blake",Grocery,India,L1001,Lucknow,West Bengal,india
T1002,2023-10-24,22039.56,Fraudulent,Online,C1002,Christopher Bernard,M,1991-12-25,christopher.bernard@outlook.com,8760652429,Bangalore,Card1002,Debit,Garcia-James,Silver,2029-01-25,M1002,Abbott-Munoz,Travel,India,L1002,Ahmedabad,Uttar Pradesh,Inda
T1003,2025-03-09,16082.2,sucsess,atm,C1003,Valerie Gray,M,1947-06-06,valerie.gray@yahoo.com,8745391478,Lucknow,Card1003,Debit,"Carter, Fuller and Mcclure",Gold,2029-05-19,M1003,Ray-Bush,Retail,Inda,L1003,Mumbai,Punjab,india
T1004,2023-07-27,19971.22,Fraudulent,POS,C1004,Victoria Wyatt,O,1989-06-21,victoria.wyatt@outlook.com,9077975168,Chandigarh,Card1004,Credit,James Group,Gold,2027-05-31,M1004,"Flowers, Martin and Kelly",,india,L1004,Kolkata,Delhi,India
T1005,2024-11-23,92898.46,Failed,onlne,C1005,Carolyn Daniel,F,1962-08-22,carolyn.daniel@gmail.com,9895169156,Lucknow,Card1005,Debit,Ford LLC,Platinum,2026-01-29,M1005,"Watts, Robinson and Nguyen",Grocery,India,L1005,Mumbai,Telangana,India
T1006,2025-02-07,5981.49,Success,Online,C1006,Andrew Stewart,F,1997-04-12,andrew.stewart@yahoo.com,123,Mumbai,Card1006,Credit,Jones-Gentry,Gold,2025-12-12,M1006,"Walter, Edwards and Rios",Grocery,Inda,L1006,Kochi,Kerala,india
T1007,2024-04-24,11015.98,Failed,POS,C1007,Charles Mcgee,O,2004-09-03,charles.mcgee@rediffmail.com,6634806607,Ahmedabad,Card1007,Credit,"Baker, Richards and Hurst",Gold,2029-05-17,M1007,Cox-Osborn,Retail,india,L1007,Chandigarh,Maharashtra,India
T1008,2023-10-07,42358.45,FAIL,onlne,C1008,Anthony Rodriguez,O,1979-02-23,anthony.rodriguez@gmail.com,7142403927,Ahmedabad,Card1008,Credit,"Moore, Becker and Carlson",Silver,2029-09-02,M1008,James-Ferrell,Retail,Inda,L1008,Hyderabad,Karnataka,India
T1009,2024-08-05,65771.58,FAIL,atm,C1009,Alexandra Le,F,1961-07-31,alexandra.le@yahoo.com,6800849550,Kolkata,Card1009,Credit,"Dyer, Potter and Mack",Gold,2030-03-06,M1009,Rodriguez-Graham,Electronics,India,L1009,Kolkata,Gujarat,india
T1010,2024-06-08,61206.61,FAIL,Online,C1010,Pamela Romero,O,1944-09-10,pamela.romero@gmail.com,6022988318,Chandigarh,Card1010,Debit,Harrell LLC,Silver,2027-09-18,M1010,"Romero, Gonzalez and Brooks",Grocery,india,L1010,Mumbai,Maharashtra,Inda
T1011,2023-10-25,13168.88,Fraudulent,POS,C1011,Linda Burns,O,1981-03-06,linda.burns@yahoo.com,7685290680,Ahmedabad,Card1011,Debit,Hickman LLC,Silver,2029-12-25,M1011,Brown PLC,Grocery,Inda,L1011,Bangalore,Telangana,Inda
T1012,2023-08-22,86474.11,Failed,pos,C1012,Vanessa Patel,M,1950-04-20,vanessa.patel@gmail.com,6822178461,Chennai,Card1012,Debit,Anderson Group,Gold,2029-08-09,M1012,"Martin, Rose and Obrien",Grocery,india,L1012,Chennai,Maharashtra,india
T1013,2023-12-03,50989.63,FAIL,ATM,C1013,Jennifer Powers,M,1981-03-04,jennifer.powers@yahoo.com,9388263207,Mumbai,Card1013,Debit,Kim-Holmes,Gold,2027-03-08,M1013,Wright Inc,Electronics,india,L1013,Hyderabad,Uttar Pradesh,Inda
T1014,2024-03-10,31460.17,Success,onlne,C1014,Daniel Jones,F,1945-11-26,daniel.jones@yahoo.com,9095776306,Chandigarh,Card1014,Debit,"Brown, Jones and Johnson",Gold,2030-03-08,M1014,Jones-Young,Travel,Inda,L1014,Chennai,Delhi,india
T1015,2024-11-22,79394.17,Failed,onlne,C1015,Miranda Khan,M,1977-07-04,miranda.khan@yahoo.com,8483276346,Kolkata,Card1015,Debit,"Kennedy, Mueller and Aguirre",Silver,2027-04-18,M1015,Davis Ltd,Grocery,India,L1015,Chennai,Karnataka,India
T1016,2024-05-21,80430.57,FAIL,pos,C1016,Scott Brown,M,1968-08-01,scott.brown@gmail.com,7733168887,Chandigarh,Card1016,Credit,"Joyce, Garcia and Powell",Silver,2029-01-28,M1016,Mcbride-Rodriguez,Electronics,Inda,L1016,Chandigarh,Punjab,Inda
T1017,2023-11-17,62712.17,Fraudulent,pos,C1017,Javier Ramirez,M,1957-06-01,javier.ramirez@rediffmail.com,9858742267,Kolkata,Card1017,Credit,Baxter Inc,Gold,2030-01-13,M1017,Morton-Chase,Retail,India,L1017,Chennai,Delhi,india
T1018,2023-09-06,689.02,Fraudulent,ATM,C1018,Tracy House,F,1947-12-01,tracy.house@gmail.com,8542495687,Lucknow,Card1018,Credit,Martin Group,Gold,2030-01-26,M1018,Lewis-Morales,Retail,india,L1018,Hyderabad,Uttar Pradesh,Inda
T1019,2023-08-06,33816.3,sucsess,ATM,C1019,James House,F,1955-09-05,james.house@yahoo.com,6956048123,Kolkata,Card1019,Credit,Mitchell-Horton,Platinum,2028-09-11,M1019,"Cowan, Peters and Higgins",Travel,India,L1019,Mumbai,Karnataka,India
T1020,2023-10-20,81948.19,Fraudulent,Online,C1020,Anthony Fitzgerald,O,1957-05-24,anthony.fitzgerald@gmail.com,7165267167,Bangalore,Card1020,Debit,Adkins Inc,Gold,2027-12-30,M1020,Silva PLC,Grocery,India,L1020,Kochi,Delhi,India
T1021,2025-06-05,82887.86,Failed,pos,C1021,Tyler Miller,M,2002-07-02,tyler.miller@gmail.com,6343538819,Chandigarh,Card1021,Debit,Jones Inc,Platinum,2029-12-28,M1021,"Hensley, Powell and David",Electronics,india,L1021,Kochi,West Bengal,india
T1022,2024-09-06,88043.97,Fraudulent,atm,C1022,Lisa Barnes,M,1961-03-24,lisa.barnes@gmail.com,9246308127,Chandigarh,Card1022,Credit,"Cunningham, Stewart and Green",Platinum,2030-05-25,M1022,"Moran, Allen and Foster",Grocery,Inda,L1022,Ahmedabad,Gujarat,india
T1023,2024-11-24,12153.52,Failed,ATM,C1023,Timothy Walls,M,1988-05-26,timothy.walls@yahoo.com,7354547372,Chandigarh,Card1023,Credit,Ellis PLC,Platinum,2028-01-10,M1023,Jones and Sons,Travel,India,L1023,Delhi,West Bengal,India
T1024,2024-07-18,5232.53,sucsess,Online,C1024,Shirley Suarez,M,1962-07-09,shirley.suarez@yahoo.com,6561848544,Lucknow,Card1024,Debit,Mitchell-Kim,Platinum,2026-08-07,M1024,"Warner, Carr and Archer",Grocery,India,L1024,Kochi,West Bengal,India
T1025,2024-11-10,76297.44,Failed,ATM,C1025,Kristen Huynh,O,1980-06-19,kristen.huynh@rediffmail.com,7739254509,Mumbai,Card1025,Credit,Mcmillan and Sons,Platinum,2025-07-16,M1025,Wilson-Rodriguez,Retail,india,L1025,Ahmedabad,Kerala,india
T1026,2024-08-24,26636.68,Failed,Online,C1026,Daniel Cooper,M,1955-01-19,daniel.cooper@outlook.com,9022758112,Chennai,Card1026,Debit,"Walters, Baker and Freeman",Platinum,2027-10-16,M1026,Davis Group,Electronics,India,L1026,Ahmedabad,West Bengal,Inda
T1027,2025-03-27,82159.98,FAIL,Online,C1027,Ray Walsh,M,1963-04-20,ray.walsh@rediffmail.com,6876026850,Ahmedabad,Card1027,Debit,Martin-Ramos,Silver,2025-11-05,M1027,"Patterson, Smith and Jones",Electronics,Inda,L1027,Ahmedabad,Maharashtra,india
T1028,2025-05-07,86504.57,Success,onlne,C1028,Sandra Aguilar,O,1991-07-01,sandra.aguilar@gmail.com,8446470021,Ahmedabad,Card1028,Debit,Jordan Inc,Platinum,2026-09-28,M1028,Diaz-Fitzpatrick,Electronics,Inda,L1028,Ahmedabad,Karnataka,India
T1029,2025-04-20,46198.64,Success,onlne,C1029,David Garcia,M,1947-03-10,david.garcia@outlook.com,9196215509,Ahmedabad,Card1029,Debit,"Henson, Russell and Oliver",Gold,2028-07-07,M1029,Frost and Sons,Electronics,india,L1029,Delhi,Gujarat,Inda
T1030,2025-04-23,86539.53,sucsess,atm,C1030,Allison Doyle,F,1955-07-14,allison.doyle@yahoo.com,8783720785,Hyderabad,Card1030,Debit,Patton-Jenkins,Platinum,2026-12-24,M1030,"Shields, Cochran and Adams",Travel,India,L1030,Delhi,Kerala,india
T1031,2025-02-22,86983.06,sucsess,Online,C1031,Andrew Ruiz,O,1992-03-12,andrew.ruiz@gmail.com,9783689405,Ahmedabad,Card1031,Credit,Velasquez Group,Gold,2026-05-23,M1031,Torres-Pope,Grocery,India,L1031,Ahmedabad,West Bengal,india
T1032,2023-12-15,9128.9,Success,onlne,C1032,Jennifer Ramirez,O,1959-08-23,jennifer.ramirez@gmail.com,9968456262,Mumbai,Card1032,Debit,Rasmussen LLC,Gold,2025-09-03,M1032,May-Ross,Retail,india,L1032,Bangalore,West Bengal,india
T1033,2025-04-07,1038.8,sucsess,ATM,C1033,Ashley Waller,O,1980-12-17,ashley.waller@rediffmail.com,7108629142,Chandigarh,Card1033,Credit,Carpenter LLC,Gold,2028-04-15,M1033,Rodriguez Group,Travel,Inda,L1033,Lucknow,West Bengal,india
T1034,2024-03-16,74492.42,Success,atm,C1034,William Wilson,O,1994-01-19,william.wilson@rediffmail.com,6255929625,Ahmedabad,Card1034,Debit,"Lee, Williams and Graham",Silver,2028-02-21,M1034,"Frost, Ryan and Ball",Travel,India,L1034,Delhi,Kerala,india
T1035,2025-01-18,97151.81,FAIL,atm,C1035,Benjamin Beck,F,1994-08-18,benjamin.beck@yahoo.com,6345702711,Chennai,Card1035,Debit,Hanson-Alvarado,Gold,2027-02-24,M1035,Cortez LLC,Travel,Inda,L1035,Hyderabad,Maharashtra,india
T1036,2024-07-19,82259.49,Fraudulent,Online,C1036,Michael Spencer,O,1965-07-09,michael.spencer@yahoo.com,9983705466,Delhi,Card1036,Debit,Fisher Group,,2028-12-11,M1036,"Adkins, Thompson and Carroll",Travel,Inda,L1036,Delhi,Maharashtra,Inda
T1037,2024-05-02,94602.81,sucsess,atm,C1037,Daniel Floyd,O,1981-10-05,daniel.floyd@outlook.com,6193408146,Chennai,Card1037,Debit,"Pena, Marshall and Ramos",Gold,2025-06-23,M1037,Dixon Ltd,Travel,India,L1037,Hyderabad,Delhi,india
T1038,2023-10-31,59754.88,Success,Online,C1038,Matthew Harvey,F,1989-04-22,matthew.harvey@outlook.com,8593311846,Delhi,Card1038,Credit,Cardenas and Sons,Silver,2026-03-12,M1038,"Collins, Drake and Hernandez",Grocery,Inda,L1038,Delhi,Delhi,india
T1039,2023-07-27,-100.0,Fraudulent,Online,C1039,Patricia Gibson,M,1961-02-18,patricia.gibson@gmail.com,7957181375,Lucknow,Card1039,Credit,"Johnston, Higgins and Cruz",Gold,2029-07-07,M1039,Sanchez-Douglas,Travel,Inda,L1039,Kochi,Maharashtra,india
T1040,2023-06-26,60868.91,Success,POS,C1040,Colleen Brock,F,2005-03-21,colleen.brock@gmail.com,8490446490,Kochi,Card1040,Debit,"Holmes, Williams and Wright",Platinum,2026-05-19,M1040,Bryant Group,Electronics,Inda,L1040,Kochi,Uttar Pradesh,India
T1041,2024-11-21,9213.36,Success,Online,C1041,Tiffany Vance,F,1980-08-13,tiffany.vance@yahoo.com,7483733296,Mumbai,Card1041,Debit,"Briggs, Mcclain and Simmons",Platinum,2030-03-24,M1041,"Griffin, Moore and Hensley",Travel,Inda,L1041,Mumbai,Uttar Pradesh,india
T1042,2024-06-05,76284.3,FAIL,POS,C1042,Destiny Strickland,F,1962-02-10,destiny.strickland@rediffmail.com,6963526218,Chandigarh,Card1042,Credit,Sims-Hill,Platinum,2027-07-30,M1042,Reeves and Sons,Travel,India,L1042,Chennai,West Bengal,Inda
T1043,2024-01-19,56675.48,sucsess,Online,C1043,Angela Hernandez,M,1967-04-30,angela.hernandez@outlook.com,123,Bangalore,Card1043,Credit,Benson-Mccarthy,Silver,2028-03-11,M1043,Perry LLC,Electronics,india,L1043,Chennai,Telangana,india
T1044,2024-08-16,43048.37,Fraudulent,onlne,C1044,Ross Price,O,1976-03-06,ross.price@gmail.com,7166264427,Kochi,Card1044,Debit,"Shah, Smith and Gilmore",Gold,2029-01-03,M1044,"James, Smith and Bell",Electronics,Inda,L1044,Bangalore,Karnataka,India
T1045,2025-01-27,86190.26,Success,pos,C1045,Morgan Marsh,M,1971-01-05,morgan.marsh@yahoo.com,8307137588,Ahmedabad,Card1045,Credit,Freeman LLC,Platinum,2029-01-13,M1045,Tucker-Price,Electronics,Inda,L1045,Lucknow,West Bengal,India
T1046,2024-11-22,33373.56,Failed,Online,C1046,Sara Calhoun,O,1990-09-09,sara.calhoun@yahoo.com,9890825533,Mumbai,Card1046,Credit,"Ferguson, Meadows and Vargas",Gold,2028-11-29,M1046,"Johnson, Day and Taylor",Grocery,India,L1046,Mumbai,Tamil Nadu,india
T1047,2024-06-14,44032.31,sucsess,pos,C1047,Garrett Gibson,O,1956-11-02,garrett.gibson@gmail.com,9455686939,Kolkata,Card1047,Debit,Juarez-Gray,Gold,2025-11-25,M1047,King-Miller,Travel,india,L1047,Ahmedabad,Karnataka,India
T1048,2023-07-07,6281.18,Success,ATM,C1048,Trevor Walker,O,1995-06-12,trevor.walker@gmail.com,9457848634,Mumbai,Card1048,Credit,Harrington Ltd,Platinum,2030-01-22,M1048,Webster and Sons,Electronics,Inda,L1048,Chandigarh,Kerala,India
T1049,2023-11-23,60309.81,Failed,ATM,C1049,Cynthia Wells,M,2001-08-01,cynthia.wells@rediffmail.com,8606335328,Kochi,Card1049,Credit,Elliott and Sons,Gold,2025-08-24,M1049,Lyons-Wang,Electronics,India,L1049,Kochi,Maharashtra,india
T1050,2023-10-30,7808.79,Success,atm,C1050,Carla Collins,O,1985-09-14,carla.collins@outlook.com,6643312942,Chandigarh,Card1050,Credit,"Johnson, Collins and Byrd",Platinum,2026-06-12,M1050,Sanders-Espinoza,Electronics,India,L1050,Chennai,Tamil Nadu,Inda
T1051,2023-08-20,46954.66,Failed,ATM,C1051,Raymond Jefferson,O,1984-10-06,raymond.jefferson@yahoo.com,6462427453,Kochi,Card1051,Debit,"Trujillo, Hogan and Knight",Gold,2027-07-16,M1051,Reed Group,Electronics,India,L1051,Delhi,Kerala,India
T1052,2024-11-16,81688.66,Fraudulent,Online,C1052,Gloria Atkinson,F,1969-09-09,gloria.atkinson@rediffmail.com,6751014580,Bangalore,Card1052,Debit,Garcia-Yu,Silver,2026-01-22,M1052,"Snow, Stevens and Hernandez",Retail,india,L1052,Delhi,Karnataka,india
T1053,2023-11-05,15037.01,FAIL,atm,C1053,Debra Morton,F,1994-05-29,debra.morton@outlook.com,7094874690,Mumbai,Card1053,Debit,"Hampton, Marshall and Petersen",Silver,2029-11-29,M1053,"Adams, Christian and Rivas",Electronics,Inda,L1053,Kochi,Gujarat,India
T1054,2023-08-28,54453.79,FAIL,atm,C1054,John Bishop,M,1963-06-15,john.bishop@gmail.com,7720351653,Lucknow,Card1054,Debit,Rogers-Snyder,Gold,2029-04-22,M1054,White-Lewis,Travel,Inda,L1054,Bangalore,Telangana,India
T1055,2025-03-02,71632.9,sucsess,Online,C1055,Kyle Beard,F,1962-01-20,kyle.beard@gmail.com,8133686941,Delhi,Card1055,Credit,"Smith, Vaughan and Miller",Silver,2028-05-14,M1055,"Russell, Peters and Allen",Travel,Inda,L1055,Lucknow,Punjab,india
T1056,2024-06-25,49802.59,FAIL,ATM,C1056,Alan Phillips,M,1988-06-05,alan.phillips@yahoo.com,6831387839,Lucknow,Card1056,Credit,Holt-Torres,Silver,2029-08-24,M1056,"Wood, Tran and Cooper",Travel,India,L1056,Mumbai,Telangana,Inda
T1057,2025-01-21,36394.78,Failed,Online,C1057,Jesse Parker,M,1981-12-04,jesse.parker@rediffmail.com,9308392990,Kochi,Card1057,Debit,Martinez and Sons,Silver,2028-04-14,M1057,Wilson-Herrera,Travel,india,L1057,Lucknow,Kerala,India
T1058,2025-02-03,26251.49,Fraudulent,onlne,C1058,Parker Hill,F,1991-06-10,parker.hill@outlook.com,6553621743,Delhi,Card1058,Debit,"Bray, Warren and Campbell",Gold,2027-01-18,M1058,Wall LLC,Grocery,India,L1058,Ahmedabad,Tamil Nadu,Inda
T1059,2023-12-15,79227.36,Failed,pos,C1059,Michael Martinez,M,1969-01-11,michael.martinez@outlook.com,6522177132,Hyderabad,Card1059,Debit,Mccann PLC,Platinum,2026-12-31,M1059,Terry-Martinez,Retail,India,L1059,Kolkata,Uttar Pradesh,Inda
T1060,2025-04-26,12990.39,FAIL,Online,C1060,Adam Mitchell,M,1995-09-13,adam.mitchell@rediffmail.com,6130451855,Chandigarh,Card1060,Credit,Alexander-Lopez,Silver,2029-08-25,M1060,King Group,Grocery,india,L1060,Chandigarh,West Bengal,India
T1061,2023-09-18,4215.31,Success,Online,C1061,Benjamin Soto,M,2000-06-01,benjamin.soto@outlook.com,8606551693,Kochi,Card1061,Debit,Hernandez PLC,Platinum,2026-01-11,M1061,Miller-Wright,Retail,india,L1061,Chandigarh,West Bengal,Inda
T1062,2024-08-28,39931.79,Fraudulent,atm,C1062,Rachel Perez,O,1996-06-29,rachel.perez@rediffmail.com,6614431839,Mumbai,Card1062,Debit,"James, Kerr and Evans",Silver,2029-01-05,M1062,"Branch, Torres and Oliver",Grocery,India,L1062,Mumbai,Karnataka,india
T1063,2024-10-07,39384.89,sucsess,POS,C1063,Christine Clark,M,1994-11-02,christine.clark@rediffmail.com,7897119484,Kochi,Card1063,Debit,"Miller, Allen and Arnold",Gold,2026-04-26,M1063,Smith Group,Electronics,india,L1063,Chandigarh,Karnataka,India
T1064,2024-12-08,61143.21,Failed,Online,C1064,David Mann,F,1984-11-18,david.mann@outlook.com,8005323458,Hyderabad,Card1064,Debit,"Heath, Jones and Hall",Gold,2029-06-20,M1064,French-Weber,Grocery,Inda,L1064,Chandigarh,Uttar Pradesh,Inda
T1065,2024-11-16,50780.77,FAIL,atm,C1065,Joshua Holland,F,1999-03-07,,9518193368,Kochi,Card1065,Debit,Serrano-Jones,Silver,2027-02-26,M1065,Sparks PLC,Retail,india,L1065,Kochi,West Bengal,Inda
T1066,2025-01-23,11078.56,Success,pos,C1066,Jessica Harrison,F,2000-07-24,jessica.harrison@rediffmail.com,7751668160,Lucknow,Card1066,Credit,Lyons-Bender,Silver,2030-04-25,M1066,"Fernandez, Kim and George",Electronics,Inda,L1066,Bangalore,Tamil Nadu,Inda
T1067,2025-05-12,95738.01,Fraudulent,atm,C1067,Allison Perez,F,1973-11-15,allison.perez@rediffmail.com,8945568682,Delhi,Card1067,Debit,"Huff, Johnston and Sampson",Platinum,2028-03-19,M1067,"Underwood, Johnston and Hines",Electronics,india,L1067,Ahmedabad,Telangana,Inda
T1068,2023-11-05,74759.12,Failed,POS,C1068,Sydney White,O,1976-06-28,sydney.white@outlook.com,9833710909,Kolkata,Card1068,Debit,"Graham, Olsen and Costa",Platinum,2029-11-20,M1068,Bailey-Cook,Grocery,India,L1068,Bangalore,Punjab,India
T1069,2024-11-23,96395.01,Fraudulent,ATM,C1069,Michael Roberts,O,1951-08-04,michael.roberts@rediffmail.com,9170594984,Bangalore,Card1069,Credit,Cervantes-Pierce,Silver,2026-11-03,M1069,Miller-King,Retail,India,L1069,Lucknow,Tamil Nadu,India
T1070,2023-09-20,85120.87,sucsess,ATM,C1070,Samantha Smith,M,1997-01-16,samantha.smith@rediffmail.com,8805192954,Mumbai,Card1070,Debit,"Murray, Brown and Stone",Gold,2028-11-28,M1070,"Avila, Garrett and Wolf",Grocery,India,L1070,Hyderabad,West Bengal,Inda
T1071,2023-11-27,30264.39,FAIL,Online,C1071,Dwayne Gilmore,F,1962-08-24,dwayne.gilmore@rediffmail.com,8061132227,Hyderabad,Card1071,Credit,Martinez-Dudley,Silver,2030-02-22,M1071,"Lloyd, Mckinney and Collins",Grocery,india,L1071,Chandigarh,West Bengal,Inda
T1072,2023-07-02,21919.32,Failed,onlne,C1072,Willie Durham,O,1982-01-20,willie.durham@outlook.com,7211764545,Mumbai,Card1072,Debit,Valentine-Holland,Gold,2028-12-10,M1072,Jimenez Ltd,Retail,India,L1072,Chandigarh,Punjab,India
T1073,2024-02-03,46291.59,Fraudulent,onlne,C1073,John Kennedy,M,1979-02-07,john.kennedy@outlook.com,9125058454,Lucknow,Card1073,Debit,Arnold-Reyes,Platinum,2027-10-19,M1073,"Romero, Suarez and Shields",Retail,India,L1073,Lucknow,Telangana,Inda
T1074,2024-01-22,90686.05,sucsess,Online,C1074,Richard Adams,O,1997-01-19,richard.adams@gmail.com,9047796493,Chandigarh,Card1074,Credit,Campbell LLC,Gold,2029-01-01,M1074,"Carpenter, Keller and Grimes",Electronics,Inda,L1074,Chennai,Delhi,India
T1075,2024-06-02,76628.74,Success,POS,C1075,Juan Daniels,M,1981-02-14,juan.daniels@rediffmail.com,9582329718,Mumbai,Card1075,Credit,Cantu-Kane,Gold,2029-08-04,M1075,"Allen, Reyes and Chase",Retail,India,L1075,Bangalore,Uttar Pradesh,india
T1076,2024-05-06,41414.66,Fraudulent,Online,C1076,Michele Shepherd,O,1947-06-11,michele.shepherd@gmail.com,8295578289,Kochi,Card1076,Credit,Mcneil-Sparks,Gold,2028-03-06,M1076,"Pollard, Simpson and Johnson",Retail,india,L1076,Lucknow,Punjab,india
T1077,2024-07-16,25574.06,Fraudulent,onlne,C1077,Shelly Alexander,M,1984-08-20,shelly.alexander@outlook.com,9228140445,Ahmedabad,Card1077,Debit,"Lozano, Smith and Thomas",Platinum,2028-04-18,M1077,"Booker, Jones and Harrington",Retail,india,L1077,Lucknow,Kerala,Inda
T1078,2024-01-13,39723.54,Failed,atm,C1078,Sarah Phelps,F,1967-07-06,sarah.phelps@yahoo.com,8392177796,Kolkata,Card1078,Debit,"James, Stewart and Higgins",Platinum,2028-11-07,M1078,Brennan-Johnson,Travel,india,L1078,Chandigarh,Gujarat,india
T1079,2023-08-14,15325.9,Fraudulent,POS,C1079,Nicole Hamilton MD,F,1960-06-13,nicole.hamilton.md@rediffmail.com,8934521295,Kochi,Card1079,Credit,"Padilla, Garcia and Jackson",Platinum,2027-12-01,M1079,Berger-Williams,Travel,india,L1079,Ahmedabad,Gujarat,india
T1080,2025-03-01,-100.0,Failed,onlne,C1080,Jeffrey Sanchez,M,1948-04-16,jeffrey.sanchez@yahoo.com,9189958080,Mumbai,Card1080,Credit,Knight-Sparks,,2027-12-20,M1080,Thompson PLC,Travel,India,L1080,Kochi,Kerala,india
T1081,2025-04-28,9721.76,Failed,POS,C1081,Mr. David Little MD,M,1970-07-04,,9052908689,Kochi,Card1081,Debit,"Smith, Ballard and Santana",Gold,2027-07-10,M1081,"Payne, Jones and Landry",Retail,india,L1081,Lucknow,Gujarat,Inda
T1082,2024-09-20,43447.57,Fraudulent,atm,C1082,Joyce Turner,M,1964-10-30,joyce.turner@outlook.com,6687035001,Chandigarh,Card1082,Credit,Castaneda-Rodriguez,Platinum,2029-01-30,M1082,Armstrong-Andrews,Electronics,india,L1082,Bangalore,Maharashtra,Inda
T1083,2024-12-16,67735.79,FAIL,ATM,C1083,Mary Hill,F,1964-07-25,mary.hill@gmail.com,8021889255,Chennai,Card1083,Credit,"Grimes, Osborne and Beltran",Gold,2025-08-29,M1083,"Mcgee, Wall and Leach",Electronics,India,L1083,Mumbai,Telangana,Inda
T1084,2025-02-13,61899.73,Failed,onlne,C1084,Heather Fields,M,1998-11-01,heather.fields@rediffmail.com,8029439466,Mumbai,Card1084,Debit,"King, Campos and Saunders",Platinum,2027-06-06,M1084,"Massey, Fuller and Berger",Grocery,Inda,L1084,Lucknow,Telangana,india
T1085,2024-11-05,78465.43,sucsess,Online,C1085,Amanda Diaz,F,1947-02-26,,8710455105,Lucknow,Card1085,Debit,Davis LLC,Platinum,2028-02-06,M1085,Burgess-Thompson,Grocery,Inda,L1085,Chandigarh,Tamil Nadu,Inda
T1086,2023-10-02,10786.54,Fraudulent,Online,C1086,Holly Shaw,F,1997-12-29,holly.shaw@outlook.com,7044402265,Hyderabad,Card1086,Debit,Rivas-Scott,Gold,2030-01-22,M1086,Coffey-Phillips,Electronics,Inda,L1086,Kochi,Tamil Nadu,india
T1087,2025-04-28,11477.39,FAIL,POS,C1087,Bernard Webster,O,1967-07-10,bernard.webster@yahoo.com,7992645238,Chandigarh,Card1087,Credit,Dalton Ltd,Platinum,2026-06-14,M1087,"Whitney, Coffey and Ballard",,Inda,L1087,Ahmedabad,Delhi,india
T1088,2024-04-01,53483.3,sucsess,atm,C1088,Joshua Gibson,M,1950-08-14,joshua.gibson@gmail.com,9613214345,Hyderabad,Card1088,Credit,"Curry, Baker and James",Silver,2028-10-29,M1088,"Bentley, Rodriguez and Hall",Travel,India,L1088,Kochi,Karnataka,Inda
T1089,2023-07-11,77256.99,FAIL,onlne,C1089,Leonard Holland,O,1986-08-19,leonard.holland@rediffmail.com,8940255554,Chennai,Card1089,Debit,"Colon, Blankenship and Turner",Gold,2030-04-01,M1089,Wilson-Williams,Electronics,India,L1089,Mumbai,Tamil Nadu,india
T1090,2023-07-20,16518.97,Failed,atm,C1090,David Medina,M,1965-03-09,david.medina@yahoo.com,8446338186,Chandigarh,Card1090,Credit,Chavez-Santiago,Gold,2029-08-30,M1090,"Horton, Fernandez and Matthews",Grocery,india,L1090,Chennai,Tamil Nadu,Inda
T1091,2025-01-06,45809.29,Fraudulent,onlne,C1091,Sandra Gilbert,F,1954-12-27,sandra.gilbert@yahoo.com,9372780181,Chandigarh,Card1091,Debit,Johnson-Wood,Platinum,2029-01-01,M1091,Wallace-Young,Retail,india,L1091,Hyderabad,Gujarat,Inda
T1092,2024-03-29,48718.35,FAIL,onlne,C1092,Vanessa Howard,O,1951-03-27,vanessa.howard@outlook.com,6632131355,Chennai,Card1092,Credit,Hill-Donaldson,Silver,2028-08-06,M1092,Davis-Lewis,Electronics,Inda,L1092,Bangalore,Telangana,India
T1093,2024-10-30,28938.16,sucsess,atm,C1093,Gavin Zhang,O,1985-02-09,gavin.zhang@rediffmail.com,9447415720,Ahmedabad,Card1093,Credit,"Harris, Gallegos and Spencer",Gold,2025-08-27,M1093,"Robinson, Kane and Murphy",Travel,Inda,L1093,Bangalore,Gujarat,Inda
T1094,2023-10-14,71104.32,sucsess,POS,C1094,William Huerta,O,1998-02-20,william.huerta@yahoo.com,6438497285,Chennai,Card1094,Credit,"King, Thompson and Guerrero",Silver,2025-06-30,M1094,Anderson LLC,Travel,Inda,L1094,Chandigarh,Tamil Nadu,india
T1095,2025-02-24,24830.72,sucsess,pos,C1095,Alexis Baker,M,1998-02-15,alexis.baker@outlook.com,6174026711,Kochi,Card1095,Debit,Harmon PLC,Gold,2027-07-01,M1095,Reese Group,Retail,india,L1095,Chandigarh,West Bengal,Inda
T1096,2024-06-04,82502.28,sucsess,ATM,C1096,Ashley Gordon,F,1997-06-01,ashley.gordon@rediffmail.com,6880966873,Kolkata,Card1096,Debit,"Williams, Logan and Camacho",Silver,2028-07-20,M1096,"Turner, Schneider and Johnson",Electronics,india,L1096,Bangalore,Karnataka,India
T1097,2024-06-28,65493.34,Fraudulent,Online,C1097,Brian Joseph,F,2002-02-17,brian.joseph@gmail.com,7409261619,Chennai,Card1097,Credit,Jones-Miller,Gold,2028-11-20,M1097,"Hernandez, Martinez and Weber",Grocery,india,L1097,Mumbai,Maharashtra,India
T1098,2024-09-18,31403.81,Fraudulent,POS,C1098,Kyle Phillips,F,1981-10-15,kyle.phillips@yahoo.com,9068941037,Chennai,Card1098,Credit,"Jacobs, Garcia and Miles",Platinum,2028-03-28,M1098,"Curtis, Mack and Le",,Inda,L1098,Chennai,Gujarat,india
T1099,2023-12-06,8516.45,FAIL,atm,C1099,Jennifer Wilcox,O,1973-09-27,jennifer.wilcox@yahoo.com,9801753931,Kochi,Card1099,Debit,Perry-Davis,Platinum,2029-04-24,M1099,Edwards-Scott,,Inda,L1099,Kolkata,Delhi,Inda
T1100,2023-10-18,31715.62,sucsess,atm,C1100,Ronald Davis,F,1991-03-19,ronald.davis@rediffmail.com,6772326080,Hyderabad,Card1100,Credit,Garner LLC,Silver,2029-07-04,M1100,Hawkins PLC,,India,L1100,Bangalore,West Bengal,India
T1101,2024-08-31,32742.35,FAIL,onlne,C1101,Jennifer Russo,O,1982-09-11,jennifer.russo@rediffmail.com,9446510099,Mumbai,Card1101,Debit,Parrish-Griffith,Platinum,2028-04-11,M1101,Burke-Bell,Grocery,India,L1101,Delhi,Maharashtra,india
T1102,2024-09-12,78134.29,Fraudulent,onlne,C1102,John Boone,M,1979-01-01,john.boone@gmail.com,7177195771,Bangalore,Card1102,Debit,Bruce-Richardson,Gold,2027-04-13,M1102,Andrews-Aguirre,Travel,Inda,L1102,Kochi,Maharashtra,india
T1103,2025-04-08,47229.28,sucsess,POS,C1103,Timothy Gallegos,M,1982-08-24,timothy.gallegos@rediffmail.com,7321572508,Bangalore,Card1103,Debit,Johnson-Nelson,Silver,2030-03-17,M1103,Dorsey-Bell,Travel,india,L1103,Mumbai,Kerala,india
T1104,2023-11-09,30460.54,FAIL,POS,C1104,Jennifer Thomas,F,2003-09-01,jennifer.thomas@gmail.com,6904283502,Hyderabad,Card1104,Debit,"Bonilla, Davis and Moreno",Silver,2026-09-10,M1104,Barnes-Peterson,Grocery,India,L1104,Bangalore,Uttar Pradesh,India
T1105,2024-04-04,28054.54,Success,POS,C1105,Latoya Miller,O,1965-09-05,latoya.miller@gmail.com,6737329499,Lucknow,Card1105,Debit,Moore PLC,Platinum,2028-03-25,M1105,Craig LLC,Retail,Inda,L1105,Chennai,Uttar Pradesh,India
T1106,2024-05-31,10986.39,Success,POS,C1106,Mr. Donald Fischer,F,1989-07-08,mr..donald.fischer@yahoo.com,8893834291,Ahmedabad,Card1106,Debit,Reed Inc,Platinum,2029-01-29,M1106,Gregory-Watkins,Grocery,india,L1106,Kolkata,Gujarat,india
T1107,2024-08-04,95214.45,sucsess,atm,C1107,James Greene,O,1989-11-14,james.greene@outlook.com,6281793028,Chandigarh,Card1107,Credit,Harris and Sons,Silver,2028-02-05,M1107,Duran LLC,Grocery,India,L1107,Bangalore,Karnataka,India
T1108,2024-03-02,33221.83,Success,pos,C1108,Jeffrey Anderson MD,M,1952-08-21,jeffrey.anderson.md@outlook.com,6528009419,Chennai,Card1108,Debit,Mason Ltd,Gold,2025-07-16,M1108,Jones-Hensley,Electronics,Inda,L1108,Lucknow,Tamil Nadu,india
T1109,2023-07-24,88476.79,FAIL,POS,C1109,Blake Edwards,O,1974-02-27,blake.edwards@outlook.com,7062245021,Chandigarh,Card1109,Credit,Berry-Mckinney,Platinum,2025-08-19,M1109,Roberts-Sullivan,Electronics,india,L1109,Kochi,Punjab,india
T1110,2024-02-29,26726.05,Success,POS,C1110,Tamara Davis,O,1956-03-02,tamara.davis@outlook.com,6870957991,Lucknow,Card1110,Debit,Sanchez PLC,Silver,2029-05-21,M1110,Warren-Foster,Travel,Inda,L1110,Hyderabad,Kerala,India
T1111,2024-02-17,33240.23,FAIL,POS,C1111,Richard Jones,M,1995-03-24,richard.jones@yahoo.com,7889510060,Hyderabad,Card1111,Credit,"Wilson, Hicks and Bullock",Gold,2028-05-11,M1111,Bell-Mullen,Grocery,Inda,L1111,Chennai,Maharashtra,Inda
T1112,2024-11-04,56241.53,FAIL,ATM,C1112,Charles Gonzalez,M,1999-12-08,charles.gonzalez@outlook.com,9533974643,Kochi,Card1112,Credit,"Hernandez, Malone and Jones",Platinum,2026-09-23,M1112,"Snyder, Webster and Wolf",Grocery,India,L1112,Bangalore,Kerala,india
T1113,2024-06-04,88543.49,Success,onlne,C1113,Victoria Morris,O,1990-10-28,victoria.morris@gmail.com,8992591729,Hyderabad,Card1113,Debit,"Stewart, Gonzales and Harrison",,2030-04-10,M1113,"Turner, Hill and Brown",Retail,india,L1113,Kolkata,Maharashtra,Inda
T1114,2024-07-20,16349.39,Success,Online,C1114,,F,1949-07-10,,9984351486,Bangalore,Card1114,Debit,Hayes-Brown,Silver,2028-02-11,M1114,Jones-Lin,Grocery,india,L1114,Chennai,Maharashtra,Inda
T1115,2025-04-16,92564.8,FAIL,ATM,C1115,Kevin Best,O,1950-08-14,kevin.best@outlook.com,9746640394,Kolkata,Card1115,Debit,"Huang, Cole and Pacheco",Silver,2029-10-14,M1115,"Lopez, Jacobs and Mason",Electronics,India,L1115,Bangalore,Telangana,India
T1116,2023-08-09,38813.96,Fraudulent,pos,C1116,Sara Haas,F,1975-02-17,sara.haas@rediffmail.com,6269417482,Chennai,Card1116,Debit,Wagner and Sons,Gold,2026-05-09,M1116,Wright Group,Grocery,india,L1116,Kochi,Karnataka,India
T1117,2024-05-28,47678.6,Success,pos,C1117,Helen Hardin,O,1980-02-19,helen.hardin@gmail.com,9955884584,Bangalore,Card1117,Credit,Ortiz-Morgan,Gold,2029-12-02,M1117,"Williams, Mccoy and Cook",Grocery,India,L1117,Delhi,Tamil Nadu,India
T1118,2024-03-04,87359.28,FAIL,atm,C1118,Diane Cummings,O,1950-11-26,diane.cummings@rediffmail.com,7829903332,Lucknow,Card1118,Credit,"Brandt, Morrison and Hernandez",Silver,2030-03-21,M1118,Aguilar and Sons,Retail,India,L1118,Kochi,Maharashtra,india
T1119,2025-06-03,5024.17,sucsess,ATM,C1119,Melissa Myers,F,1968-04-11,melissa.myers@rediffmail.com,9541466438,Bangalore,Card1119,Debit,"Fletcher, Miller and Hansen",Gold,2028-02-10,M1119,"Conner, Li and Santiago",Electronics,Inda,L1119,Mumbai,Delhi,India
T1120,2025-03-26,6655.14,FAIL,pos,C1120,Michael Romero,M,1994-09-30,michael.romero@outlook.com,9604944530,Chandigarh,Card1120,Credit,Cox and Sons,Silver,2029-12-13,M1120,Peterson Group,Grocery,India,L1120,Ahmedabad,Karnataka,india
T1121,2023-11-18,83103.93,Success,ATM,C1121,Edward French,M,1959-11-21,edward.french@rediffmail.com,6624494538,Lucknow,Card1121,Credit,"Wise, Conley and Stephenson",Platinum,2026-08-23,M1121,Stanley PLC,Grocery,India,L1121,Delhi,Delhi,india
T1122,2023-10-01,34936.05,Fraudulent,POS,C1122,Christopher Schwartz,F,1985-02-11,christopher.schwartz@gmail.com,7660283964,Kolkata,Card1122,Debit,"Lamb, Martin and Kim",Silver,2028-09-04,M1122,Diaz-Ball,Travel,Inda,L1122,Kochi,Kerala,india
T1123,2024-06-01,80256.14,FAIL,pos,C1123,Rachel Young,O,1986-01-09,rachel.young@gmail.com,8682782178,Hyderabad,Card1123,Credit,Collins Group,Platinum,2027-11-24,M1123,Richardson PLC,Travel,india,L1123,Lucknow,Uttar Pradesh,india
T1124,2024-05-29,47131.01,Fraudulent,onlne,C1124,Kathryn Barnes,O,1975-11-22,kathryn.barnes@yahoo.com,7664933165,Chennai,Card1124,Debit,Montoya PLC,Silver,2027-11-14,M1124,Salas Inc,Travel,india,L1124,Hyderabad,Telangana,india
T1125,2024-11-01,98720.44,sucsess,POS,C1125,Ashley Singleton,F,1977-03-06,ashley.singleton@gmail.com,6411654819,Chennai,Card1125,Credit,Mitchell and Sons,Platinum,2028-08-18,M1125,Cole-Palmer,Travel,Inda,L1125,Bangalore,Karnataka,india
T1126,2025-03-28,37372.83,Success,ATM,C1126,Courtney Hayes,O,1974-03-30,courtney.hayes@yahoo.com,7470664930,Delhi,Card1126,Credit,Arias-Perry,Platinum,2026-04-02,M1126,Shaw-Young,Grocery,Inda,L1126,Hyderabad,West Bengal,India
T1127,2023-08-24,18923.76,sucsess,Online,C1127,Timothy Combs,M,1969-12-26,timothy.combs@outlook.com,6227538939,Delhi,Card1127,Credit,"Rogers, Thomas and Johnson",Silver,2027-05-20,M1127,Horton-Taylor,Grocery,India,L1127,Hyderabad,Karnataka,india
T1128,2024-12-21,63068.1,Fraudulent,pos,C1128,Susan Smith,O,1976-05-24,susan.smith@gmail.com,6660643541,Mumbai,Card1128,Debit,Conley PLC,Platinum,2029-04-15,M1128,"Lynch, Henderson and Parsons",Retail,Inda,L1128,Kochi,Maharashtra,india
T1129,2023-12-23,1373.67,Success,Online,C1129,Jason Bauer,O,1964-12-19,jason.bauer@yahoo.com,8893415964,Ahmedabad,Card1129,Credit,Brown-Copeland,Platinum,2026-07-05,M1129,Carlson-Smith,Retail,india,L1129,Delhi,Gujarat,india
T1130,2024-07-26,89463.31,FAIL,ATM,C1130,Doris Smith,O,1983-08-09,doris.smith@yahoo.com,8364188016,Mumbai,Card1130,Debit,Allen-Butler,Silver,2027-07-13,M1130,"Barnett, Mills and Ward",Electronics,india,L1130,Kolkata,Uttar Pradesh,Inda
T1131,2024-08-03,86271.32,Failed,pos,C1131,Katie Smith,F,1981-07-01,katie.smith@yahoo.com,6981945467,Mumbai,Card1131,Debit,Williams-Hughes,Silver,2029-10-15,M1131,King-Smith,Travel,India,L1131,Chandigarh,Kerala,Inda
T1132,2025-02-23,-100.0,Failed,atm,C1132,Matthew Garcia,F,1949-01-26,matthew.garcia@outlook.com,6474661886,Ahmedabad,Card1132,Credit,"Moss, Cook and Williams",Gold,2028-05-28,M1132,"Morgan, Day and Greer",Travel,india,L1132,Bangalore,Punjab,India
T1133,2024-12-04,116.95,Success,atm,C1133,Robin Brown,O,1976-02-03,robin.brown@yahoo.com,9848414614,Kolkata,Card1133,Credit,Johnson-Harris,Gold,2029-07-17,M1133,Blackwell LLC,Travel,India,L1133,Delhi,Gujarat,india
T1134,2025-06-15,4673.23,Failed,pos,C1134,Robert Kennedy,M,1965-07-28,robert.kennedy@rediffmail.com,8717238925,Lucknow,Card1134,Credit,Mullins and Sons,Silver,2029-11-09,M1134,Kelly-Norman,Electronics,India,L1134,Ahmedabad,Delhi,Inda
T1135,2025-04-24,48344.9,FAIL,POS,C1135,Robert Kim,O,1989-02-04,robert.kim@gmail.com,6746914509,Kochi,Card1135,Credit,Paul-Kline,Silver,2028-04-18,M1135,Morgan-Lopez,Travel,Inda,L1135,Lucknow,Uttar Pradesh,Inda
T1136,2024-12-10,93557.66,Failed,POS,C1136,Kelly Owen,M,1978-05-01,kelly.owen@outlook.com,8941477278,Kochi,Card1136,Debit,"Coleman, Jordan and Carney",Platinum,2028-08-06,M1136,Gardner LLC,Grocery,Inda,L1136,Chandigarh,Telangana,Inda
T1137,2023-09-09,26771.13,Failed,ATM,C1137,Elizabeth Morrison,O,1949-12-03,elizabeth.morrison@rediffmail.com,9685840130,Kolkata,Card1137,Credit,Jackson-Wallace,Platinum,2028-04-05,M1137,Williams-Berg,Grocery,Inda,L1137,Bangalore,Telangana,india
T1138,2024-03-21,55257.25,Success,onlne,C1138,William Gould,F,1986-04-25,william.gould@yahoo.com,9277269399,Delhi,Card1138,Debit,Lambert Group,Platinum,2029-03-04,M1138,Palmer-Brady,Travel,Inda,L1138,Chandigarh,Kerala,India
T1139,2023-10-24,70997.96,Failed,Online,C1139,Megan Kim,M,1946-08-05,megan.kim@outlook.com,6115345152,Hyderabad,Card1139,Credit,Jones Ltd,Platinum,2026-09-08,M1139,Cox-Herring,Travel,india,L1139,Kochi,Punjab,india
T1140,2023-07-17,61866.23,sucsess,atm,C1140,Tiffany Watson,O,1985-08-25,tiffany.watson@yahoo.com,6715438632,Bangalore,Card1140,Credit,Berry PLC,Gold,2026-10-11,M1140,Sanders-Banks,Grocery,India,L1140,Hyderabad,Uttar Pradesh,India
T1141,2024-01-01,77072.38,FAIL,atm,C1141,Kathryn Hughes,F,1952-03-11,kathryn.hughes@outlook.com,123,Ahmedabad,Card1141,Credit,"Wilson, Hampton and Padilla",Platinum,2025-09-10,M1141,Davies LLC,Retail,India,L1141,Chennai,Punjab,Inda
T1142,2024-12-12,15460.08,sucsess,onlne,C1142,,F,2006-11-03,,7841579769,Bangalore,Card1142,Credit,Martinez Inc,Silver,2029-08-26,M1142,Thompson-Reeves,Retail,Inda,L1142,Delhi,West Bengal,india
T1143,2023-08-29,78710.5,Fraudulent,atm,C1143,Michelle Pierce,M,1999-08-18,michelle.pierce@rediffmail.com,9656675709,Kolkata,Card1143,Debit,Vance-York,Platinum,2028-03-10,M1143,"Mckinney, Graves and Thompson",Grocery,Inda,L1143,Delhi,Tamil Nadu,Inda
T1144,2024-03-28,57314.59,sucsess,atm,C1144,Curtis Taylor,O,1979-02-04,curtis.taylor@outlook.com,7289869081,Mumbai,Card1144,Debit,Johnson-Spencer,Platinum,2027-05-19,M1144,Mcdonald-Bird,Travel,India,L1144,Lucknow,Punjab,India
T1145,2023-09-30,19822.02,FAIL,pos,C1145,James Love,F,1986-02-12,james.love@outlook.com,7650795606,Hyderabad,Card1145,Credit,Fox-Hammond,Silver,2026-03-16,M1145,"Jones, Compton and Day",Retail,India,L1145,Hyderabad,Gujarat,india
T1146,2024-06-05,33223.14,sucsess,pos,C1146,Shawn Deleon,F,1976-03-04,shawn.deleon@yahoo.com,8891377623,Hyderabad,Card1146,Debit,"Matthews, Saunders and Anderson",Silver,2029-11-15,M1146,"Bartlett, Brown and Martinez",Retail,india,L1146,Chennai,Punjab,India
T1147,2023-10-18,65425.42,Failed,ATM,C1147,Timothy Perez,F,1965-03-03,timothy.perez@gmail.com,6868572028,Delhi,Card1147,Debit,"Jacobson, Singleton and King",Platinum,2026-11-15,M1147,"Huber, Hill and Weber",Electronics,india,L1147,Chandigarh,Karnataka,Inda
T1148,2024-10-11,6379.83,Fraudulent,POS,C1148,Caroline David,M,1980-10-10,caroline.david@yahoo.com,7419697432,Delhi,Card1148,Debit,Jackson PLC,Gold,2026-04-08,M1148,"Winters, Morgan and Bradshaw",Retail,Inda,L1148,Hyderabad,Maharashtra,Inda
T1149,2023-07-23,40643.64,Fraudulent,pos,C1149,Travis Wise,F,2000-08-18,travis.wise@outlook.com,8553358029,Kochi,Card1149,Credit,Curtis-Wang,Silver,2025-09-18,M1149,Montgomery-Johnson,Grocery,India,L1149,Chandigarh,West Bengal,India
T1150,2025-05-12,16196.8,FAIL,Online,C1150,Tyler Webb,O,1987-02-25,tyler.webb@gmail.com,9874421800,Chennai,Card1150,Credit,"Sullivan, Chavez and Barker",Silver,2030-02-11,M1150,Gonzales Group,Electronics,Inda,L1150,Kochi,Karnataka,Inda
T1151,2024-06-16,34332.86,sucsess,atm,C1151,Emily Higgins,O,1958-05-11,emily.higgins@gmail.com,9818678162,Mumbai,Card1151,Credit,"Travis, Reed and Ross",Silver,2028-05-13,M1151,Robertson-Rodriguez,Grocery,Inda,L1151,Chandigarh,Uttar Pradesh,India
T1152,2023-12-26,69794.52,sucsess,POS,C1152,David Davis,F,1976-03-20,david.davis@gmail.com,6069509644,Lucknow,Card1152,Debit,Dougherty-Lin,Platinum,2026-07-07,M1152,Wright-Grimes,Retail,india,L1152,Chennai,West Bengal,india
T1153,2023-10-24,10747.66,sucsess,onlne,C1153,Michelle Lee,O,1999-10-31,michelle.lee@gmail.com,9207055328,Kolkata,Card1153,Debit,Jimenez PLC,Gold,2028-04-04,M1153,Jimenez-Parker,Travel,Inda,L1153,Lucknow,Delhi,india
T1154,2023-07-10,16263.33,Failed,atm,C1154,Tracy Lewis,F,1950-08-08,tracy.lewis@yahoo.com,9233778674,Hyderabad,Card1154,Credit,Williams-Campbell,Platinum,2028-10-25,M1154,"Khan, Pena and Ruiz",,India,L1154,Chennai,Gujarat,Inda
T1155,2024-08-11,1169.97,FAIL,ATM,C1155,Stephen Luna,M,1945-01-11,stephen.luna@yahoo.com,6794629071,Bangalore,Card1155,Credit,Diaz-Morales,Platinum,2026-05-21,M1155,"Hoffman, Cox and Roberts",Grocery,Inda,L1155,Bangalore,Tamil Nadu,India
T1156,2024-04-17,27723.13,FAIL,POS,C1156,Diana Hays,F,1978-10-15,diana.hays@outlook.com,9557002893,Lucknow,Card1156,Credit,"Carr, Anderson and Davis",Gold,2029-04-21,M1156,Norton-Morgan,Retail,Inda,L1156,Kolkata,Telangana,India
T1157,2025-06-20,63402.81,Failed,onlne,C1157,Jordan Porter,O,1969-05-09,jordan.porter@outlook.com,9577944501,Delhi,Card1157,Debit,Williams Ltd,Gold,2026-09-13,M1157,Brock-Stone,Retail,Inda,L1157,Kolkata,Delhi,india
T1158,2023-10-15,87286.98,Failed,POS,C1158,Timothy Flores,M,1985-09-23,timothy.flores@outlook.com,7438296941,Delhi,Card1158,Debit,Ewing-Stevenson,Silver,2029-11-09,M1158,Wheeler-Romero,Retail,Inda,L1158,Ahmedabad,Kerala,India
T1159,2024-07-21,57708.85,Success,atm,C1159,Elizabeth Cabrera,F,1980-09-12,elizabeth.cabrera@gmail.com,8649884992,Ahmedabad,Card1159,Credit,Rivera-Rodriguez,Gold,2029-08-21,M1159,Silva-Robles,Grocery,india,L1159,Mumbai,Punjab,india
T1160,2025-01-05,21132.19,Fraudulent,ATM,C1160,Deborah Rios,F,2003-10-27,,9536252463,Kolkata,Card1160,Debit,"Lane, Griffith and Silva",Silver,2025-09-12,M1160,Warren Ltd,Grocery,India,L1160,Kolkata,Delhi,Inda
T1161,2024-10-15,85864.35,Success,pos,C1161,Michael Johnson,M,1997-03-08,michael.johnson@yahoo.com,7404186534,Chennai,Card1161,Credit,"Rodriguez, Smith and Edwards",Gold,2028-09-15,M1161,Gutierrez and Sons,Retail,india,L1161,Hyderabad,West Bengal,india
T1162,2024-05-05,48800.63,sucsess,Online,C1162,Nancy Brown,F,1978-08-15,nancy.brown@outlook.com,9189156173,Kochi,Card1162,Debit,Stone PLC,Silver,2029-06-26,M1162,Bolton-Mendoza,Travel,india,L1162,Kochi,Kerala,india
T1163,2024-04-09,41457.51,Failed,Online,C1163,Joseph Payne,M,1965-10-28,joseph.payne@yahoo.com,8322624835,Delhi,Card1163,Debit,"Ingram, Le and Schneider",Platinum,2026-12-12,M1163,"Baker, Washington and Bernard",Grocery,India,L1163,Lucknow,Maharashtra,India
T1164,2024-01-24,76523.14,Success,Online,C1164,William Evans,F,1982-06-14,william.evans@gmail.com,123,Kochi,Card1164,Credit,Bush-Vaughn,Gold,2028-01-05,M1164,Stewart-Bailey,Grocery,Inda,L1164,Kolkata,Gujarat,Inda
T1165,2025-06-16,86050.84,Fraudulent,pos,C1165,Kenneth Daniels,F,1998-08-07,kenneth.daniels@yahoo.com,123,Chandigarh,Card1165,Debit,Cardenas-Blevins,Silver,2027-10-19,M1165,Roberts LLC,Grocery,Inda,L1165,Kochi,Gujarat,Inda
T1166,2024-12-27,13716.42,Fraudulent,pos,C1166,Mary Burgess,O,1949-11-07,mary.burgess@rediffmail.com,8942034105,Bangalore,Card1166,Debit,Harris PLC,Gold,2028-06-02,M1166,Fitzpatrick-Horton,Electronics,india,L1166,Kochi,Delhi,India
T1167,2023-10-06,27259.33,FAIL,ATM,C1167,Anthony Stein,F,1951-11-27,anthony.stein@rediffmail.com,7768206576,Delhi,Card1167,Credit,Little Inc,Gold,2030-06-19,M1167,Gutierrez Ltd,Electronics,Inda,L1167,Ahmedabad,West Bengal,Inda
T1168,2024-06-22,79966.29,Fraudulent,pos,C1168,Joshua Hickman,O,1951-04-26,joshua.hickman@gmail.com,6112772143,Bangalore,Card1168,Debit,Delgado-Gilmore,Silver,2026-08-23,M1168,Woods-Gonzalez,Electronics,India,L1168,Chandigarh,Gujarat,India
T1169,2024-01-31,20923.87,sucsess,onlne,C1169,Susan Davis,F,1966-04-30,susan.davis@rediffmail.com,6973929170,Hyderabad,Card1169,Credit,"Hall, Rodgers and Jefferson",Silver,2027-11-25,M1169,Gentry and Sons,Retail,india,L1169,Ahmedabad,West Bengal,India
T1170,2024-05-11,59661.61,Fraudulent,Online,C1170,Amanda Huff,M,2004-07-05,amanda.huff@yahoo.com,7631217007,Chennai,Card1170,Debit,Lopez-Curry,Platinum,2026-12-20,M1170,Mcdowell-Smith,Retail,India,L1170,Hyderabad,Tamil Nadu,Inda
T1171,2024-09-05,69734.07,Failed,atm,C1171,Frances Gibson,M,1985-06-29,frances.gibson@rediffmail.com,8841631844,Chandigarh,Card1171,Debit,"Daniels, Snyder and Mays",Gold,2026-05-21,M1171,"Mcdonald, Lee and Rodriguez",Grocery,India,L1171,Chandigarh,Tamil Nadu,india
T1172,2023-10-26,68354.1,FAIL,POS,C1172,Michelle Smith,O,1994-03-24,michelle.smith@outlook.com,9786363098,Kolkata,Card1172,Debit,Gibbs-Bradley,Gold,2029-05-17,M1172,Thompson Ltd,Retail,India,L1172,Chennai,Tamil Nadu,India
T1173,2025-05-18,38921.02,sucsess,atm,C1173,Angie Caldwell,O,1972-01-25,angie.caldwell@gmail.com,123,Kochi,Card1173,Debit,Holden Group,Silver,2029-02-09,M1173,Boyle-Smith,Retail,India,L1173,Delhi,Gujarat,India
T1174,2024-04-14,10212.39,Failed,atm,C1174,Tiffany Turner,F,1960-07-01,tiffany.turner@outlook.com,9870657802,Delhi,Card1174,Credit,"Berry, Green and Ward",Silver,2029-04-09,M1174,Brown Inc,Grocery,Inda,L1174,Chandigarh,Uttar Pradesh,Inda
T1175,2024-06-17,99147.15,Fraudulent,ATM,C1175,Jonathan Jacobson,F,1965-05-08,jonathan.jacobson@outlook.com,9811431943,Lucknow,Card1175,Debit,"Carrillo, Vaughn and Fowler",Platinum,2026-10-31,M1175,Richardson-Walker,Electronics,Inda,L1175,Kolkata,Telangana,india
T1176,2023-10-03,55410.95,FAIL,atm,C1176,William Brooks,O,1977-01-05,william.brooks@gmail.com,6593328086,Chennai,Card1176,Credit,"Dunn, Ruiz and Medina",Gold,2026-10-10,M1176,"Petersen, Gill and Becker",Travel,india,L1176,Kochi,Delhi,India
T1177,2024-09-26,73105.86,FAIL,pos,C1177,Kelsey Cox,M,2003-11-21,kelsey.cox@rediffmail.com,7777186595,Bangalore,Card1177,Debit,"Rodriguez, Poole and Leach",Gold,2026-03-03,M1177,Armstrong and Sons,Retail,India,L1177,Kochi,Karnataka,Inda
T1178,2023-10-27,22286.35,Fraudulent,pos,C1178,Michael Love,M,1966-10-20,michael.love@outlook.com,8515207345,Chennai,Card1178,Debit,Davis-Dixon,Platinum,2029-11-24,M1178,Chavez PLC,Electronics,india,L1178,Mumbai,Uttar Pradesh,Inda
T1179,2024-05-09,9050.51,sucsess,pos,C1179,Joel Roman,F,1975-07-23,joel.roman@yahoo.com,7461672073,Hyderabad,Card1179,Credit,"Johnson, Scott and Smith",Platinum,2030-04-09,M1179,Lane Inc,Travel,India,L1179,Hyderabad,Kerala,india
T1180,2024-05-16,80447.65,Fraudulent,pos,C1180,Amy Shannon,F,1967-12-02,amy.shannon@yahoo.com,8170726182,Bangalore,Card1180,Debit,Johnson-Ortiz,Platinum,2026-01-06,M1180,Cannon Ltd,Travel,Inda,L1180,Ahmedabad,Kerala,Inda
T1181,2024-11-04,91295.59,Fraudulent,Online,C1181,Janet Kane DVM,M,1973-01-29,janet.kane.dvm@gmail.com,6202624906,Kolkata,Card1181,Debit,Miller-Brandt,Gold,2028-08-28,M1181,"Anderson, Dalton and Wilson",Retail,india,L1181,Ahmedabad,Kerala,Inda
T1182,2024-08-12,97860.92,Fraudulent,Online,C1182,William Davenport,O,1971-03-22,william.davenport@rediffmail.com,6093470633,Kolkata,Card1182,Debit,Good Group,Silver,2029-12-21,M1182,"Ball, Coleman and Gray",Travel,India,L1182,Chennai,Telangana,india
T1183,2023-12-17,20310.79,Failed,ATM,C1183,Donald Pineda,O,1961-04-25,donald.pineda@rediffmail.com,7454364165,Chandigarh,Card1183,Credit,"Cannon, Johnson and Keller",Silver,2029-05-23,M1183,"Miranda, Stephenson and Smith",Grocery,india,L1183,Mumbai,Punjab,Inda
T1184,2023-11-29,77932.88,Success,POS,C1184,Jill Powers,M,1949-01-19,jill.powers@outlook.com,7778444989,Bangalore,Card1184,Debit,Sanchez Inc,Platinum,2026-05-01,M1184,Gonzales-Fernandez,Grocery,India,L1184,Bangalore,Telangana,India
T1185,2025-01-27,67166.77,Failed,POS,C1185,Wyatt Young,M,2003-04-02,wyatt.young@rediffmail.com,8134124999,Chennai,Card1185,Debit,"Johnston, Ray and Barton",Gold,2025-12-14,M1185,Young-Walter,Electronics,India,L1185,Lucknow,Uttar Pradesh,India
T1186,2024-11-15,63101.79,Success,POS,C1186,Donald Hawkins,F,1979-12-11,donald.hawkins@outlook.com,6548095375,Ahmedabad,Card1186,Debit,"Hobbs, Buck and Garrett",Gold,2027-05-09,M1186,Peters-Williams,Electronics,india,L1186,Kochi,Karnataka,Inda
T1187,2024-03-15,88266.59,Success,ATM,C1187,Emma Butler,F,1988-04-01,emma.butler@rediffmail.com,6158533048,Chennai,Card1187,Credit,Evans and Sons,Platinum,2028-09-18,M1187,"Wells, Atkinson and Turner",Travel,India,L1187,Chandigarh,Uttar Pradesh,Inda
T1188,2024-12-22,73043.16,sucsess,ATM,C1188,Kristina Faulkner,O,1954-04-18,kristina.faulkner@yahoo.com,9013881170,Chennai,Card1188,Credit,"Moreno, Price and Scott",Silver,2029-05-30,M1188,Lucas-Nielsen,,india,L1188,Bangalore,Gujarat,india
T1189,2025-04-09,82542.73,Success,POS,C1189,Sandra Williams,M,1969-09-22,sandra.williams@gmail.com,9254406256,Bangalore,Card1189,Debit,Nunez-Morrison,Silver,2026-04-05,M1189,Lopez PLC,Travel,india,L1189,Mumbai,Karnataka,India
T1190,2025-01-04,6586.09,sucsess,POS,C1190,Daniel Meadows,M,1990-03-01,daniel.meadows@outlook.com,7973073887,Kolkata,Card1190,Debit,Krueger-Smith,Platinum,2030-03-24,M1190,Hayden Inc,Grocery,Inda,L1190,Bangalore,Maharashtra,Inda
T1191,2025-01-22,80817.24,FAIL,POS,C1191,Melissa Padilla,O,1995-10-21,melissa.padilla@gmail.com,8482569647,Kolkata,Card1191,Credit,Herman-Arnold,,2029-07-18,M1191,James-Ferguson,,Inda,L1191,Mumbai,Delhi,Inda
T1192,2024-03-27,72467.22,FAIL,Online,C1192,Stephen Owens,M,1965-06-17,stephen.owens@outlook.com,7022735306,Delhi,Card1192,Debit,"Harrison, Franco and Rocha",Platinum,2027-09-12,M1192,Edwards-Williams,Electronics,India,L1192,Chennai,Gujarat,India
T1193,2025-04-23,79598.7,Success,POS,C1193,Juan Silva,F,1959-07-13,juan.silva@outlook.com,9905565053,Bangalore,Card1193,Debit,"Butler, Hernandez and Rivera",Platinum,2026-09-18,M1193,Hudson-Sanchez,Grocery,Inda,L1193,Kochi,Uttar Pradesh,India
T1194,2024-08-22,3835.76,Failed,Online,C1194,Roberto Levy,F,1989-01-07,roberto.levy@outlook.com,8720838351,Chandigarh,Card1194,Credit,"Singh, Murray and Oconnor",Platinum,2028-05-05,M1194,Jackson-Cortez,Travel,india,L1194,Chandigarh,West Bengal,india
T1195,2024-07-05,52105.71,Fraudulent,Online,C1195,Tina Warren DVM,O,1956-12-30,tina.warren.dvm@yahoo.com,6475096504,Kolkata,Card1195,Credit,Landry Ltd,Silver,2030-01-31,M1195,Duran Group,Travel,india,L1195,Mumbai,West Bengal,India
T1196,2023-10-06,2996.37,Success,Online,C1196,Chris Robinson,F,2001-10-22,chris.robinson@gmail.com,8529851385,Bangalore,Card1196,Credit,Brooks-Williamson,Silver,2027-06-11,M1196,"Peck, Durham and Hopkins",Electronics,Inda,L1196,Hyderabad,West Bengal,india
T1197,2023-07-04,14457.8,FAIL,ATM,C1197,Alexandra Moreno,F,1944-12-03,alexandra.moreno@gmail.com,9508603674,Lucknow,Card1197,Credit,Nichols-Mitchell,Platinum,2029-12-31,M1197,"Li, Craig and Drake",Travel,india,L1197,Ahmedabad,Karnataka,India
T1198,2025-05-28,40141.57,sucsess,POS,C1198,Kelly Allen,O,1956-09-02,kelly.allen@rediffmail.com,8761187367,Delhi,Card1198,Credit,"Fox, Ochoa and Adams",Gold,2026-05-20,M1198,Miller-Chung,Grocery,Inda,L1198,Kochi,Uttar Pradesh,india
T1199,2024-06-12,59866.09,FAIL,pos,C1199,Courtney Sutton DVM,F,1982-12-03,courtney.sutton.dvm@yahoo.com,6778153043,Ahmedabad,Card1199,Credit,"Frey, Santos and Johnson",Silver,2027-07-17,M1199,Gray-Tran,Retail,India,L1199,Chennai,Gujarat,Inda
T1200,2023-08-04,51091.35,Failed,ATM,C1200,Angela Bruce,M,1987-10-21,angela.bruce@rediffmail.com,8276997995,Hyderabad,Card1200,Credit,"Mueller, Knight and Hodge",,2025-07-21,M1200,Jacobson Inc,Travel,India,L1200,Kolkata,Karnataka,India
T1201,2023-12-17,67039.6,Failed,Online,C1201,Anthony Jones,M,1958-11-10,anthony.jones@outlook.com,9356413981,Bangalore,Card1201,Credit,Lam-Elliott,Gold,2030-04-17,M1201,White LLC,Grocery,India,L1201,Chennai,Uttar Pradesh,india
T1202,2023-07-04,41142.7,FAIL,atm,C1202,Robert Nicholson,F,1958-07-27,robert.nicholson@rediffmail.com,9554316582,Bangalore,Card1202,Credit,Evans PLC,Platinum,2030-06-19,M1202,Knight Group,Electronics,Inda,L1202,Mumbai,Tamil Nadu,Inda
T1203,2024-11-28,90368.17,FAIL,Online,C1203,Perry Taylor,F,2005-06-25,perry.taylor@outlook.com,6562666655,Ahmedabad,Card1203,Debit,"Ramsey, Mason and Mccann",Gold,2030-01-26,M1203,Davis and Sons,Travel,india,L1203,Chennai,Karnataka,Inda
T1204,2025-04-03,25279.89,FAIL,ATM,C1204,Lisa Larson,F,1949-08-24,lisa.larson@outlook.com,9556270410,Kolkata,Card1204,Credit,Johnson-Nelson,Platinum,2028-05-15,M1204,Henry-Kelly,Grocery,Inda,L1204,Ahmedabad,Telangana,India
T1205,2024-04-08,63793.71,Failed,atm,C1205,Mary Miller,O,1973-11-10,mary.miller@rediffmail.com,6301914972,Hyderabad,Card1205,Credit,"Phillips, Wright and Jones",Silver,2027-01-20,M1205,Moore-Dawson,Electronics,india,L1205,Ahmedabad,West Bengal,india
T1206,2024-10-26,91779.44,Fraudulent,pos,C1206,Brian Smith,O,1954-12-21,brian.smith@yahoo.com,9418094696,Kolkata,Card1206,Debit,Wallace-Juarez,Silver,2028-10-14,M1206,Anderson and Sons,Electronics,india,L1206,Delhi,Kerala,India
T1207,2024-05-21,9284.93,FAIL,onlne,C1207,Jennifer Johnson,M,1975-01-07,jennifer.johnson@yahoo.com,6680014221,Kochi,Card1207,Credit,Spencer-Carlson,Silver,2030-03-18,M1207,Shields-Smith,Grocery,india,L1207,Kochi,Tamil Nadu,India
T1208,2024-05-08,38341.62,Fraudulent,Online,C1208,Kristin Haney,F,1970-11-11,kristin.haney@rediffmail.com,6692497310,Kolkata,Card1208,Credit,Armstrong and Sons,Gold,2026-03-12,M1208,"James, Taylor and Turner",Grocery,Inda,L1208,Lucknow,Tamil Nadu,Inda
T1209,2024-07-09,93296.08,sucsess,ATM,C1209,Donald Evans,M,1954-05-28,donald.evans@rediffmail.com,6971052481,Hyderabad,Card1209,Debit,Ward and Sons,Platinum,2026-01-04,M1209,"Weber, Wheeler and Gonzalez",Electronics,india,L1209,Lucknow,Uttar Pradesh,Inda
T1210,2023-09-13,81815.87,sucsess,Online,C1210,James Skinner,O,1953-09-10,james.skinner@yahoo.com,123,Chandigarh,Card1210,Debit,Brock-Rivera,Gold,2028-01-24,M1210,Jordan-Colon,Retail,india,L1210,Chandigarh,Telangana,India
T1211,2024-11-08,19027.5,Success,POS,C1211,Larry Dominguez,M,1984-12-02,larry.dominguez@outlook.com,7596231648,Kochi,Card1211,Credit,Edwards-Oconnell,Silver,2026-08-18,M1211,Carter-Neal,Travel,india,L1211,Chandigarh,Gujarat,India
T1212,2024-07-07,65417.77,sucsess,atm,C1212,Douglas Hartman,M,1983-08-30,douglas.hartman@gmail.com,7864681590,Delhi,Card1212,Credit,Wilson-Elliott,,2027-07-15,M1212,"Osborn, White and Saunders",Travel,India,L1212,Ahmedabad,Kerala,India
T1213,2023-07-12,96472.77,Failed,Online,C1213,Christine Salinas,O,1993-12-16,christine.salinas@gmail.com,7023874165,Chennai,Card1213,Debit,"Jones, Abbott and Pope",Gold,2029-05-26,M1213,"Porter, Schultz and Allen",Electronics,India,L1213,Hyderabad,Punjab,India
T1214,2024-11-14,77279.01,Failed,POS,C1214,Angela Ewing,M,1954-12-18,angela.ewing@gmail.com,9704010684,Kolkata,Card1214,Debit,Aguilar-Ferguson,Silver,2029-01-26,M1214,"Barnes, Johnson and Schmitt",Retail,Inda,L1214,Chennai,Gujarat,Inda
T1215,2024-12-17,20890.06,Success,POS,C1215,Suzanne Rodriguez,M,2005-05-30,suzanne.rodriguez@outlook.com,6519968954,Chennai,Card1215,Debit,Sandoval LLC,Silver,2030-01-15,M1215,Holland Inc,Retail,India,L1215,Hyderabad,West Bengal,India
T1216,2024-09-01,92493.65,Failed,POS,C1216,Erin Hogan,M,1988-05-14,erin.hogan@rediffmail.com,123,Ahmedabad,Card1216,Credit,Smith LLC,Silver,2028-11-14,M1216,Dixon PLC,Travel,india,L1216,Delhi,Telangana,India
T1217,2024-08-28,13726.82,Failed,onlne,C1217,James Ford,F,1983-12-23,james.ford@gmail.com,9832448194,Kolkata,Card1217,Credit,"Chapman, Mason and Cooper",Silver,2030-05-14,M1217,Webb LLC,Retail,india,L1217,Chennai,Maharashtra,india
T1218,2024-05-10,99566.87,FAIL,pos,C1218,Todd Thomas,F,2007-02-12,todd.thomas@outlook.com,8676619808,Kolkata,Card1218,Credit,Cooper-Mueller,Platinum,2026-03-15,M1218,"Webb, Alvarez and Kim",Grocery,india,L1218,Lucknow,Kerala,India
T1219,2024-12-14,49578.98,Success,atm,C1219,Andrew Page,M,1975-04-06,andrew.page@yahoo.com,6409754386,Lucknow,Card1219,Credit,Sweeney Ltd,Gold,2028-03-08,M1219,Byrd and Sons,Retail,India,L1219,Ahmedabad,West Bengal,India
T1220,2025-06-13,33357.32,Success,ATM,C1220,Kristen Rivera,F,1994-11-11,kristen.rivera@gmail.com,9784734680,Kolkata,Card1220,Credit,Mullen-Hall,Silver,2027-07-19,M1220,Soto-Lopez,Travel,Inda,L1220,Bangalore,Punjab,Inda
T1221,2024-11-13,93920.88,FAIL,onlne,C1221,Lucas Gonzalez,M,1973-11-17,lucas.gonzalez@rediffmail.com,6315072921,Delhi,Card1221,Debit,"Jordan, Smith and Lewis",Gold,2028-11-02,M1221,Goodwin-Stokes,Electronics,india,L1221,Bangalore,Maharashtra,india
T1222,2023-08-09,17963.3,Success,Online,C1222,Kimberly Diaz,M,1983-10-06,kimberly.diaz@gmail.com,8436698180,Kolkata,Card1222,Credit,Ellis LLC,Gold,2026-05-04,M1222,"Huffman, Rose and Fowler",Grocery,Inda,L1222,Bangalore,West Bengal,india
T1223,2024-09-27,64640.52,Fraudulent,pos,C1223,Hannah Bruce,O,1970-12-02,hannah.bruce@yahoo.com,9462082964,Chandigarh,Card1223,Debit,"Thompson, Nunez and Mcbride",Platinum,2028-10-23,M1223,"Lawrence, Powers and Edwards",Travel,India,L1223,Kolkata,Delhi,india
T1224,2023-12-24,23866.74,Success,ATM,C1224,Michael Dixon,O,1965-04-03,michael.dixon@gmail.com,8419729866,Chennai,Card1224,Debit,Carlson-Andrews,Silver,2026-06-20,M1224,Lopez-Reid,Retail,Inda,L1224,Hyderabad,Telangana,India
T1225,2024-12-11,70574.59,sucsess,ATM,C1225,Katherine Taylor,O,2007-01-08,katherine.taylor@yahoo.com,6944143079,Chennai,Card1225,Debit,Wilkinson-Harvey,Silver,2026-12-12,M1225,Crane-Washington,Retail,India,L1225,Chandigarh,Maharashtra,india
T1226,2023-11-20,95766.61,FAIL,pos,C1226,Kathy Simpson,M,1999-12-13,kathy.simpson@yahoo.com,6361577108,Ahmedabad,Card1226,Debit,"Vasquez, Mckinney and Wallace",Platinum,2028-09-26,M1226,Miller Inc,Travel,india,L1226,Chennai,Uttar Pradesh,india
T1227,2025-03-01,42440.84,sucsess,POS,C1227,Donald Medina,O,1996-04-06,,8980749828,Kochi,Card1227,Credit,Norman PLC,Gold,2027-05-08,M1227,"Barton, Simpson and Dixon",Travel,India,L1227,Kochi,Uttar Pradesh,India
T1228,2024-09-08,83475.06,Fraudulent,pos,C1228,,O,1952-03-30,,8457711350,Ahmedabad,Card1228,Credit,"Morrow, Richardson and Carson",,2027-10-02,M1228,Wolf Group,,india,L1228,Kolkata,Gujarat,India
T1229,2024-08-19,97428.45,Success,ATM,C1229,Ronald Potter,O,1959-05-06,ronald.potter@rediffmail.com,7074953442,Kochi,Card1229,Credit,Golden-Johnson,Silver,2029-02-01,M1229,Bailey-Montoya,Grocery,india,L1229,Ahmedabad,Tamil Nadu,india
T1230,2024-05-28,31689.42,Fraudulent,ATM,C1230,Cynthia Cochran,O,2003-05-10,cynthia.cochran@rediffmail.com,8026016751,Hyderabad,Card1230,Credit,"Norris, Callahan and Bishop",Gold,2026-06-21,M1230,Martin-Taylor,Retail,India,L1230,Chandigarh,West Bengal,india
T1231,2023-11-29,41792.89,Success,Online,C1231,Laura Patel,M,1999-11-01,laura.patel@yahoo.com,7587569877,Bangalore,Card1231,Debit,"Ryan, Morris and Padilla",Platinum,2027-03-26,M1231,Armstrong-Farley,Electronics,Inda,L1231,Chandigarh,Telangana,India
T1232,2024-07-25,-100.0,sucsess,pos,C1232,Paul Jenkins,M,2005-09-23,,7166329471,Delhi,Card1232,Credit,Riddle Ltd,Platinum,2026-04-13,M1232,Miles and Sons,Retail,india,L1232,Mumbai,West Bengal,India
T1233,2024-01-01,78102.13,FAIL,POS,C1233,Pam Lowe,O,1954-06-04,pam.lowe@gmail.com,7526017253,Kochi,Card1233,Credit,Thomas-Chen,Platinum,2028-03-18,M1233,"Perry, Hayes and Schultz",Grocery,Inda,L1233,Delhi,West Bengal,India
T1234,2025-05-05,98462.81,Success,pos,C1234,Paul Neal,M,1996-10-17,paul.neal@gmail.com,9354913322,Chandigarh,Card1234,Credit,Gibson-Freeman,Gold,2026-04-07,M1234,"Smith, Schroeder and Oconnor",Retail,India,L1234,Hyderabad,Gujarat,India
T1235,2025-01-09,-100.0,sucsess,onlne,C1235,Rebecca Sanders,M,1975-09-02,rebecca.sanders@outlook.com,9249488893,Lucknow,Card1235,Debit,Summers-Simpson,Platinum,2028-07-08,M1235,Clayton-Morgan,Grocery,india,L1235,Lucknow,Kerala,India
T1236,2024-09-12,78970.32,sucsess,ATM,C1236,Rachel Shannon,F,1953-05-11,rachel.shannon@yahoo.com,7359187275,Kochi,Card1236,Debit,Williams Ltd,Platinum,2030-04-15,M1236,Smith-Noble,Electronics,India,L1236,Mumbai,West Bengal,india
T1237,2023-10-22,83048.22,sucsess,onlne,C1237,Tyler Harris,M,1974-07-03,tyler.harris@yahoo.com,123,Chennai,Card1237,Debit,"Blankenship, Khan and Turner",Gold,2029-05-10,M1237,Davis-Ward,Retail,India,L1237,Chandigarh,Gujarat,india
T1238,2023-08-25,3694.51,Failed,atm,C1238,Mario Barber,O,1969-10-11,mario.barber@rediffmail.com,8850798148,Kolkata,Card1238,Credit,Patterson Inc,Silver,2026-11-18,M1238,"Davis, Lewis and Miller",Electronics,india,L1238,Mumbai,Kerala,Inda
T1239,2024-09-25,83709.72,Fraudulent,onlne,C1239,Alexandra Dominguez,O,1959-11-13,alexandra.dominguez@rediffmail.com,7534963930,Bangalore,Card1239,Debit,Mcneil Group,Gold,2029-11-21,M1239,"Anderson, Jones and Reyes",Travel,india,L1239,Hyderabad,Karnataka,Inda
T1240,2025-01-09,47023.02,Success,ATM,C1240,Jacob Evans,F,1999-04-27,jacob.evans@outlook.com,6811506454,Kochi,Card1240,Debit,Ayala-Mullins,Silver,2026-05-06,M1240,May Ltd,Retail,Inda,L1240,Delhi,Telangana,india
T1241,2023-10-10,40262.53,Failed,atm,C1241,Lisa Martin,O,1949-02-16,lisa.martin@outlook.com,8344878520,Mumbai,Card1241,Credit,Bowen-Fuller,Gold,2029-12-26,M1241,Gillespie PLC,Electronics,india,L1241,Delhi,Telangana,India
T1242,2024-12-06,21373.99,sucsess,ATM,C1242,Brian Goodwin,O,1974-07-30,brian.goodwin@outlook.com,8246471078,Chandigarh,Card1242,Debit,"Blair, Bell and Jordan",Platinum,2027-04-27,M1242,Wright Ltd,Grocery,india,L1242,Ahmedabad,Tamil Nadu,India
T1243,2023-08-26,11444.5,Failed,Online,C1243,Michelle Mitchell,M,1961-05-12,michelle.mitchell@outlook.com,9380248626,Kolkata,Card1243,Debit,"Johnson, Boone and Liu",Gold,2030-03-07,M1243,Holmes PLC,Retail,India,L1243,Chennai,West Bengal,India
T1244,2023-11-15,89687.65,Success,pos,C1244,Anthony Hurst,O,1995-05-13,anthony.hurst@outlook.com,7607708320,Chennai,Card1244,Credit,Simpson Inc,Platinum,2028-10-21,M1244,Porter PLC,Retail,Inda,L1244,Kochi,Punjab,india
T1245,2023-08-16,25505.16,FAIL,Online,C1245,Dr. Bonnie Valencia,F,1980-06-03,dr..bonnie.valencia@gmail.com,8353724119,Chandigarh,Card1245,Debit,"Fisher, Payne and Thompson",Silver,2025-07-29,M1245,Best-Townsend,Electronics,india,L1245,Delhi,West Bengal,India
T1246,2023-07-04,60620.89,Success,onlne,C1246,Daniel Livingston,O,1984-06-10,daniel.livingston@outlook.com,123,Delhi,Card1246,Debit,Hunter-Fuller,Gold,2026-01-17,M1246,"Wang, Henderson and Morales",Travel,Inda,L1246,Mumbai,Punjab,India
T1247,2024-10-31,78952.81,Fraudulent,Online,C1247,Diamond Collins,F,1980-12-26,diamond.collins@rediffmail.com,8397281438,Ahmedabad,Card1247,Debit,"Mccall, Mccann and Moore",Gold,2030-01-17,M1247,Myers-Walters,Retail,India,L1247,Kolkata,Punjab,India
T1248,2025-03-31,25035.4,Failed,atm,C1248,Jeffrey Ashley,O,1988-09-10,jeffrey.ashley@outlook.com,6761460235,Lucknow,Card1248,Debit,Brown Inc,Platinum,2026-01-13,M1248,Wilson-Salazar,Grocery,Inda,L1248,Kochi,Telangana,india
T1249,2023-08-03,70155.99,Failed,Online,C1249,Michael Miles,F,1965-07-09,michael.miles@yahoo.com,9982996699,Kochi,Card1249,Debit,Crawford LLC,Silver,2026-12-19,M1249,"Holmes, Carson and Green",Travel,India,L1249,Kochi,Maharashtra,India
T1250,2024-04-05,99521.22,Fraudulent,onlne,C1250,Bailey Yoder,O,1953-02-09,bailey.yoder@rediffmail.com,9171872418,Delhi,Card1250,Debit,Roman-Nelson,Silver,2027-10-05,M1250,Baker PLC,,india,L1250,Delhi,Kerala,india
T1251,2024-10-21,33352.97,Failed,pos,C1251,Ian Porter,F,1949-09-19,ian.porter@rediffmail.com,9136677720,Kochi,Card1251,Credit,"Jackson, Moore and Ayala",,2029-09-10,M1251,"Craig, Wilson and Yang",Electronics,india,L1251,Lucknow,Telangana,India
T1252,2023-06-23,83496.92,Fraudulent,pos,C1252,John Reyes,F,1947-06-21,john.reyes@yahoo.com,9981351101,Kolkata,Card1252,Debit,White Inc,Gold,2025-07-30,M1252,"Pratt, Klein and Rios",Travel,Inda,L1252,Ahmedabad,Tamil Nadu,Inda
T1253,2023-12-13,56129.37,sucsess,pos,C1253,Nathan Nelson,M,1966-05-16,nathan.nelson@rediffmail.com,7014141844,Chennai,Card1253,Credit,Duncan Inc,Silver,2027-08-02,M1253,"Nunez, Williams and Walker",Grocery,India,L1253,Chandigarh,West Bengal,Inda
T1254,2024-07-26,95126.86,Fraudulent,POS,C1254,John Campbell,M,1947-08-07,john.campbell@gmail.com,7407680663,Mumbai,Card1254,Debit,Murphy-Tran,Platinum,2028-11-18,M1254,Wood LLC,Travel,Inda,L1254,Bangalore,Telangana,India
T1255,2024-09-01,96508.43,sucsess,Online,C1255,Dana Richardson,M,1997-11-10,dana.richardson@outlook.com,7206300933,Delhi,Card1255,Credit,Cuevas-Parsons,Gold,2028-01-22,M1255,"Mccullough, Hodges and Sanchez",Grocery,India,L1255,Kolkata,Gujarat,india
T1256,2023-06-26,43467.18,sucsess,Online,C1256,Gregory Franco,M,1972-05-17,gregory.franco@yahoo.com,6854845478,Chandigarh,Card1256,Debit,Tapia Inc,Platinum,2025-09-04,M1256,"Bennett, Rojas and Parker",Grocery,india,L1256,Chandigarh,Punjab,India
T1257,2023-11-28,46519.18,FAIL,ATM,C1257,Tyrone Kaufman,F,1980-07-11,tyrone.kaufman@rediffmail.com,7632455955,Kolkata,Card1257,Credit,Dawson Inc,Silver,2027-07-01,M1257,Morse PLC,Electronics,India,L1257,Chennai,Uttar Pradesh,India
T1258,2024-05-07,67373.54,sucsess,atm,C1258,Paul Carpenter,M,1992-03-01,paul.carpenter@outlook.com,9748398209,Bangalore,Card1258,Debit,"Anderson, Wilkins and Jones",Silver,2028-08-22,M1258,"Brown, Bates and Anderson",Electronics,Inda,L1258,Lucknow,Kerala,Inda
T1259,2024-02-03,24253.84,FAIL,POS,C1259,Jenna Decker,M,1962-03-26,jenna.decker@outlook.com,9801186104,Kolkata,Card1259,Debit,Stewart-Nelson,Gold,2028-02-25,M1259,Harding and Sons,,India,L1259,Chennai,Gujarat,india
T1260,2025-02-16,48800.9,sucsess,atm,C1260,Brian Cole,O,1996-11-18,brian.cole@yahoo.com,9006798755,Kochi,Card1260,Debit,Russell-Herrera,Silver,2030-06-12,M1260,Hayes Group,Electronics,Inda,L1260,Hyderabad,Punjab,India
T1261,2024-01-13,85360.03,sucsess,POS,C1261,Robert Torres,F,2002-06-26,robert.torres@rediffmail.com,8441744556,Lucknow,Card1261,Debit,"Terry, Williams and Huff",Platinum,2026-06-29,M1261,Hernandez-Dawson,Travel,india,L1261,Chennai,Kerala,India
T1262,2024-03-24,67725.09,Failed,atm,C1262,Edwin Wilkins,M,1971-06-09,edwin.wilkins@rediffmail.com,7147942593,Mumbai,Card1262,Debit,Johnson Group,Platinum,2029-11-03,M1262,Hawkins-Pierce,Grocery,india,L1262,Kolkata,Telangana,india
T1263,2023-09-03,82378.66,Success,atm,C1263,Brenda Smith,M,1975-12-01,brenda.smith@outlook.com,6794481167,Chennai,Card1263,Credit,Anderson Group,Gold,2026-05-04,M1263,Parks-Pace,Travel,Inda,L1263,Ahmedabad,Punjab,india
T1264,2023-08-26,71548.45,sucsess,ATM,C1264,Robert Johnson,O,1984-02-06,robert.johnson@outlook.com,7129708421,Delhi,Card1264,Credit,Gonzalez Ltd,Platinum,2030-06-17,M1264,Lamb-Davis,Grocery,India,L1264,Lucknow,Uttar Pradesh,india
T1265,2025-04-10,66051.6,Failed,atm,C1265,Tom Williams,M,2000-11-28,tom.williams@outlook.com,9108903910,Chandigarh,Card1265,Debit,"Hamilton, Ramsey and Crawford",Platinum,2028-04-17,M1265,Vega-Thompson,Travel,Inda,L1265,Hyderabad,Telangana,India
T1266,2023-12-05,8519.66,FAIL,ATM,C1266,Jeremy Hernandez,F,2006-04-14,jeremy.hernandez@yahoo.com,9686643867,Chennai,Card1266,Debit,"Harvey, Sanchez and Phillips",Platinum,2027-01-24,M1266,Andrade-Mendoza,Travel,Inda,L1266,Chennai,Karnataka,India
T1267,2023-08-29,29866.32,Success,pos,C1267,Curtis Wilkerson,F,1963-07-06,curtis.wilkerson@outlook.com,8791036306,Delhi,Card1267,Credit,"Wright, Mcknight and Stephens",Gold,2028-09-23,M1267,Mayo Ltd,Grocery,Inda,L1267,Lucknow,Punjab,Inda
T1268,2024-03-26,40335.1,FAIL,atm,C1268,Hailey Cunningham,F,1977-02-11,hailey.cunningham@yahoo.com,8414404120,Kolkata,Card1268,Debit,Price-White,Gold,2030-02-07,M1268,Harper-Johnson,Electronics,Inda,L1268,Lucknow,Tamil Nadu,India
T1269,2025-03-12,29030.1,FAIL,POS,C1269,William Moreno,M,1997-06-14,william.moreno@rediffmail.com,6640159181,Hyderabad,Card1269,Debit,"Key, Dickson and Garcia",Gold,2027-11-11,M1269,"Allen, Ferguson and Moody",Retail,India,L1269,Chennai,Kerala,india
T1270,2025-01-14,83384.98,Failed,POS,C1270,Vickie Price,O,1948-04-11,vickie.price@outlook.com,9050043433,Ahmedabad,Card1270,Debit,Thompson PLC,Silver,2027-05-04,M1270,Drake-Wolfe,Travel,India,L1270,Kochi,Kerala,india
T1271,2025-05-31,19323.43,FAIL,atm,C1271,Heather Bradley,O,1984-09-23,heather.bradley@outlook.com,9768757751,Bangalore,Card1271,Credit,Hart and Sons,Platinum,2025-09-17,M1271,Weaver-Thompson,Retail,Inda,L1271,Chandigarh,Tamil Nadu,India
T1272,2023-07-21,10023.43,Failed,ATM,C1272,Daniel Fox,M,1950-08-13,daniel.fox@rediffmail.com,8408044832,Chennai,Card1272,Debit,Rivera PLC,Silver,2025-12-13,M1272,Drake LLC,Electronics,Inda,L1272,Chennai,Karnataka,Inda
T1273,2024-12-29,75263.76,sucsess,Online,C1273,Charles Bush,F,1956-07-19,charles.bush@gmail.com,6343381275,Bangalore,Card1273,Debit,Schroeder PLC,Gold,2028-03-23,M1273,Yu-Brooks,Retail,india,L1273,Delhi,Karnataka,india
T1274,2024-11-17,42432.87,FAIL,pos,C1274,Eric Taylor,M,1971-05-24,eric.taylor@gmail.com,7340629397,Bangalore,Card1274,Debit,Oconnor Group,Platinum,2030-06-16,M1274,"Yu, Banks and Thompson",Grocery,India,L1274,Bangalore,Gujarat,india
T1275,2024-08-31,28017.88,sucsess,POS,C1275,Kevin Thompson,O,1991-09-02,kevin.thompson@rediffmail.com,7550753311,Chandigarh,Card1275,Debit,Gross-Phillips,Gold,2028-07-04,M1275,Daniel Ltd,Electronics,india,L1275,Delhi,Telangana,india
T1276,2024-09-08,64679.68,Success,atm,C1276,Lance Mccall,F,1971-02-14,lance.mccall@outlook.com,123,Bangalore,Card1276,Credit,"Walker, Cunningham and Zuniga",Gold,2030-04-20,M1276,Rivera Inc,Electronics,india,L1276,Chandigarh,Maharashtra,Inda
T1277,2023-12-23,1035.39,Success,ATM,C1277,Stephen Davis,O,1968-01-28,stephen.davis@rediffmail.com,8936388913,Hyderabad,Card1277,Credit,"Santiago, Daniel and Rogers",Platinum,2028-03-10,M1277,Baker and Sons,Grocery,India,L1277,Ahmedabad,Telangana,India
T1278,2024-12-11,63879.77,Success,ATM,C1278,Brian Smith,O,1949-02-01,brian.smith@yahoo.com,123,Chandigarh,Card1278,Debit,Kim-Barnes,Silver,2028-06-14,M1278,Wilkerson Group,Grocery,India,L1278,Kochi,Tamil Nadu,Inda
T1279,2025-05-06,94313.11,Success,ATM,C1279,Ashley Mendoza,F,1970-03-30,ashley.mendoza@yahoo.com,8169652549,Lucknow,Card1279,Debit,"Curtis, Mcdaniel and Martin",Platinum,2028-06-17,M1279,Lloyd Inc,Travel,Inda,L1279,Bangalore,Delhi,India
T1280,2024-02-06,31149.51,Success,Online,C1280,Brian Peterson,F,1945-11-03,brian.peterson@rediffmail.com,9105079402,Lucknow,Card1280,Credit,Martin-Jones,Platinum,2028-03-08,M1280,Morgan PLC,Travel,India,L1280,Mumbai,Gujarat,India
T1281,2025-05-15,84784.45,Success,POS,C1281,Matthew Lawson,M,1977-04-28,matthew.lawson@outlook.com,7976765000,Ahmedabad,Card1281,Credit,Moore-Garcia,Platinum,2025-09-26,M1281,Mccann Group,Retail,Inda,L1281,Bangalore,Punjab,India
T1282,2024-12-14,78314.62,sucsess,atm,C1282,Douglas Young,F,1982-03-07,douglas.young@gmail.com,9256037863,Kochi,Card1282,Credit,Long PLC,Silver,2030-01-25,M1282,Hernandez-Ward,Retail,Inda,L1282,Delhi,Kerala,India
T1283,2024-05-19,14647.91,sucsess,ATM,C1283,Lori Castillo,O,1950-06-09,lori.castillo@rediffmail.com,9110155635,Hyderabad,Card1283,Debit,Johnson and Sons,Silver,2027-12-24,M1283,"Carter, Miller and Anthony",Grocery,India,L1283,Delhi,Punjab,Inda
T1284,2024-02-16,41927.66,Failed,Online,C1284,Steven Baker,F,1997-11-19,steven.baker@yahoo.com,7736695359,Bangalore,Card1284,Debit,"Stephens, Lopez and Mcclure",Silver,2028-11-07,M1284,Lopez-Williams,Grocery,india,L1284,Kochi,Delhi,India
T1285,2024-05-28,76576.72,Success,Online,C1285,Derrick Brown,M,1976-02-14,derrick.brown@outlook.com,9219300121,Delhi,Card1285,Debit,"Contreras, Miller and Cooper",Gold,2027-09-18,M1285,"Gutierrez, Avila and Perez",Travel,Inda,L1285,Delhi,Tamil Nadu,India
T1286,2023-08-08,37954.38,Success,ATM,C1286,Jennifer Nichols,M,2001-09-09,jennifer.nichols@gmail.com,123,Kolkata,Card1286,Debit,Armstrong-Young,Gold,2028-10-06,M1286,Miller-Orr,Electronics,Inda,L1286,Mumbai,Maharashtra,India
T1287,2024-12-27,24792.45,Fraudulent,POS,C1287,Kellie Duncan,O,1946-11-02,kellie.duncan@yahoo.com,9634697582,Kochi,Card1287,Debit,"Hernandez, Avery and Cole",Silver,2029-09-28,M1287,Stanton and Sons,Retail,India,L1287,Chandigarh,Uttar Pradesh,Inda
T1288,2023-09-28,45262.8,Failed,pos,C1288,Michael Harris,M,1947-05-18,michael.harris@rediffmail.com,8549456762,Kolkata,Card1288,Debit,"Hernandez, Larson and Flores",Platinum,2029-01-27,M1288,"Sloan, Jones and Hughes",Travel,india,L1288,Chandigarh,Maharashtra,India
T1289,2024-04-25,64570.95,Fraudulent,Online,C1289,Kelly Stark,F,1982-01-15,kelly.stark@outlook.com,6464448331,Chandigarh,Card1289,Credit,Buchanan PLC,Silver,2028-03-31,M1289,"Mills, Barnes and Perry",Retail,india,L1289,Bangalore,Punjab,India
T1290,2023-10-15,99684.55,sucsess,atm,C1290,Teresa Buckley,O,1983-01-11,teresa.buckley@outlook.com,8161875272,Bangalore,Card1290,Debit,"Chan, Floyd and Dillon",Silver,2030-06-06,M1290,Humphrey-Baker,Grocery,India,L1290,Delhi,Gujarat,India
T1291,2024-11-11,87387.65,Fraudulent,onlne,C1291,Amanda Hill,M,1977-07-08,amanda.hill@rediffmail.com,9308494480,Ahmedabad,Card1291,Debit,Montgomery Ltd,Gold,2030-05-04,M1291,"Morales, Foster and Koch",Electronics,Inda,L1291,Chandigarh,West Bengal,india
T1292,2024-12-09,38704.74,sucsess,Online,C1292,Tammie Prince,F,1960-08-22,tammie.prince@gmail.com,7995795339,Kochi,Card1292,Debit,Morgan LLC,Gold,2025-11-22,M1292,Ramirez-Vasquez,Retail,Inda,L1292,Chandigarh,Tamil Nadu,India
T1293,2024-12-13,39171.42,Success,POS,C1293,Crystal Turner,O,1991-01-29,crystal.turner@gmail.com,6932254303,Lucknow,Card1293,Debit,"Ramos, Petersen and Adams",Gold,2026-04-23,M1293,Jacobs-Davis,Grocery,India,L1293,Delhi,West Bengal,india
T1294,2024-05-30,91039.22,sucsess,pos,C1294,Olivia Camacho,F,1958-11-10,olivia.camacho@yahoo.com,8556201038,Kochi,Card1294,Credit,Robertson and Sons,Gold,2028-12-08,M1294,Collins PLC,Electronics,india,L1294,Kolkata,Uttar Pradesh,Inda
T1295,2024-04-30,29259.77,Success,onlne,C1295,Alyssa Lee,O,1953-09-14,alyssa.lee@rediffmail.com,9491539282,Delhi,Card1295,Debit,Hood and Sons,Platinum,2029-12-06,M1295,Bryant LLC,Travel,India,L1295,Mumbai,Punjab,india
T1296,2024-12-20,13734.41,sucsess,pos,C1296,John Sanders,F,1958-01-08,john.sanders@yahoo.com,9066433102,Mumbai,Card1296,Credit,Maldonado and Sons,Silver,2027-10-21,M1296,Burns-Griffin,Electronics,India,L1296,Ahmedabad,West Bengal,India
T1297,2025-04-28,53276.65,sucsess,onlne,C1297,Hailey Monroe,M,1976-10-07,,8171602417,Chandigarh,Card1297,Credit,Curry-Barker,Gold,2030-06-19,M1297,Johnson-Williams,Retail,India,L1297,Lucknow,Delhi,India
T1298,2025-04-15,1554.54,Failed,onlne,C1298,Maria Byrd,O,1983-06-01,maria.byrd@gmail.com,123,Mumbai,Card1298,Credit,Pearson-Palmer,Silver,2027-04-18,M1298,"Smith, Buck and Holland",Grocery,Inda,L1298,Chennai,Karnataka,india
T1299,2024-09-30,-100.0,Failed,pos,C1299,Lee Hahn,M,1998-12-21,lee.hahn@outlook.com,7693421306,Mumbai,Card1299,Debit,"Rasmussen, Day and Coleman",Gold,2025-07-18,M1299,York-Stevens,Grocery,india,L1299,Kolkata,Kerala,india
T1300,2023-12-08,85170.27,sucsess,Online,C1300,Samantha Sanders,F,1976-03-25,samantha.sanders@yahoo.com,6596696368,Bangalore,Card1300,Debit,Smith Ltd,Platinum,2028-01-16,M1300,Hoffman-Wheeler,Retail,India,L1300,Bangalore,Kerala,India
T1301,2024-01-27,13513.27,Fraudulent,onlne,C1301,Mr. Donald Nguyen,M,1964-10-13,mr..donald.nguyen@yahoo.com,6142362794,Chandigarh,Card1301,Debit,Green-Dawson,Gold,2026-05-23,M1301,"Evans, Hernandez and Cannon",Grocery,Inda,L1301,Hyderabad,Telangana,India
T1302,2025-05-20,20501.58,Success,POS,C1302,Melanie Griffith,O,1948-05-03,melanie.griffith@yahoo.com,7633408016,Chandigarh,Card1302,Credit,"Jimenez, Phillips and Meadows",Silver,2028-11-28,M1302,Price-Johnson,Electronics,india,L1302,Chennai,Delhi,India
T1303,2024-12-22,43399.71,Failed,pos,C1303,Micheal Parks,M,1983-05-27,micheal.parks@outlook.com,9928493344,Lucknow,Card1303,Debit,"Glover, Knox and Powers",Gold,2027-02-02,M1303,"Evans, Jackson and Sandoval",Grocery,Inda,L1303,Chennai,West Bengal,india
T1304,2024-08-28,94034.47,Fraudulent,pos,C1304,Carl Green,F,1956-10-19,carl.green@rediffmail.com,9014110574,Kolkata,Card1304,Credit,"Hines, White and Frazier",Silver,2027-12-21,M1304,Pena-Walker,Retail,india,L1304,Kochi,Tamil Nadu,India
T1305,2023-12-12,2922.78,Failed,ATM,C1305,Stephen Watson,O,1995-02-12,stephen.watson@outlook.com,9630342493,Ahmedabad,Card1305,Credit,"Carter, York and Ruiz",Platinum,2028-02-01,M1305,"Silva, Blackburn and Jones",Grocery,India,L1305,Mumbai,Maharashtra,Inda
T1306,2025-05-12,92439.63,Success,Online,C1306,Michael Moreno,O,1957-09-17,michael.moreno@gmail.com,7814655857,Kochi,Card1306,Debit,Brown-Dickerson,Gold,2029-09-23,M1306,Gay LLC,Electronics,Inda,L1306,Kolkata,Karnataka,India
T1307,2024-05-04,81455.61,Failed,POS,C1307,Scott White,M,1983-03-22,,9567137119,Chennai,Card1307,Credit,Freeman Ltd,Gold,2029-05-13,M1307,Edwards Inc,Retail,Inda,L1307,Chennai,Maharashtra,india
T1308,2023-06-25,825.47,FAIL,atm,C1308,Raymond Johnston,F,1975-03-27,raymond.johnston@gmail.com,7461070590,Ahmedabad,Card1308,Debit,Burns Inc,Platinum,2027-10-19,M1308,Mendez Ltd,Travel,Inda,L1308,Hyderabad,Telangana,India
T1309,2024-05-20,95111.09,Failed,ATM,C1309,Janet Johnson,F,1971-12-04,janet.johnson@rediffmail.com,8880848901,Kochi,Card1309,Debit,Cross Inc,Platinum,2029-02-13,M1309,Sherman-Schmidt,Travel,India,L1309,Hyderabad,Karnataka,Inda
T1310,2023-07-05,86998.89,FAIL,onlne,C1310,Danielle Steele,O,1990-07-11,danielle.steele@rediffmail.com,6399466136,Bangalore,Card1310,Credit,Collins-Garcia,Silver,2025-07-04,M1310,"Chapman, Jackson and Colon",Electronics,India,L1310,Ahmedabad,Maharashtra,india
T1311,2024-02-08,67093.07,Failed,atm,C1311,Linda Morgan,O,1964-04-06,linda.morgan@yahoo.com,6190933276,Ahmedabad,Card1311,Credit,"Cowan, Cooper and Valenzuela",Gold,2029-05-08,M1311,Christensen-Martin,Retail,Inda,L1311,Hyderabad,Uttar Pradesh,Inda
T1312,2025-05-26,38081.49,Success,ATM,C1312,Danny Mercer,M,2006-12-16,danny.mercer@rediffmail.com,7221351951,Kochi,Card1312,Credit,Gross PLC,Gold,2028-11-26,M1312,"Jackson, Richardson and Santos",Travel,Inda,L1312,Chennai,Punjab,Inda
T1313,2023-07-21,31661.03,Fraudulent,POS,C1313,Lisa Wheeler,F,1970-01-02,lisa.wheeler@rediffmail.com,123,Ahmedabad,Card1313,Credit,Stanley Ltd,Silver,2027-08-25,M1313,Williams Inc,Retail,Inda,L1313,Hyderabad,West Bengal,Inda
T1314,2024-05-10,5351.37,Failed,pos,C1314,David Miles,O,1974-09-16,david.miles@rediffmail.com,7473938278,Lucknow,Card1314,Debit,Neal Ltd,Platinum,2028-09-15,M1314,Turner Ltd,Grocery,India,L1314,Chandigarh,Uttar Pradesh,india
T1315,2023-09-08,5506.92,Fraudulent,pos,C1315,Larry Taylor,O,1989-07-22,larry.taylor@outlook.com,9072975037,Chennai,Card1315,Credit,Hunt PLC,Gold,2029-11-24,M1315,Campbell Inc,Grocery,India,L1315,Delhi,Delhi,Inda
T1316,2024-07-12,33914.73,sucsess,POS,C1316,Sandra Dudley,O,1957-12-28,sandra.dudley@gmail.com,7396103491,Lucknow,Card1316,Credit,Warner-Phillips,Silver,2027-03-04,M1316,Kelley and Sons,Travel,Inda,L1316,Kochi,Tamil Nadu,Inda
T1317,2024-12-07,57305.79,Fraudulent,onlne,C1317,Adam Davis,O,1977-03-07,adam.davis@gmail.com,9263104650,Mumbai,Card1317,Credit,Conley Ltd,Platinum,2028-04-14,M1317,Hernandez-Davis,Travel,Inda,L1317,Chennai,Maharashtra,india
T1318,2024-07-23,20825.63,Success,POS,C1318,Maria Bryant,O,1949-07-31,maria.bryant@yahoo.com,6387508586,Chennai,Card1318,Credit,Baker-Williams,Gold,2026-05-02,M1318,Sawyer LLC,Grocery,Inda,L1318,Delhi,Tamil Nadu,India
T1319,2024-03-27,65949.84,sucsess,POS,C1319,Brian York,O,1999-01-08,brian.york@gmail.com,6535490395,Ahmedabad,Card1319,Debit,Smith and Sons,Gold,2028-02-18,M1319,"Holland, Murphy and Kline",Grocery,Inda,L1319,Mumbai,Karnataka,India
T1320,2024-10-16,67684.91,Failed,atm,C1320,Grant Wilson,M,1962-09-24,grant.wilson@yahoo.com,7527452614,Mumbai,Card1320,Debit,Rivers-Nelson,Platinum,2026-04-06,M1320,Vaughn-Mendoza,Travel,Inda,L1320,Chandigarh,Kerala,India
T1321,2024-05-14,22653.97,Success,Online,C1321,Michael Brown,F,1988-08-17,michael.brown@rediffmail.com,7011506332,Delhi,Card1321,Debit,Garcia PLC,Silver,2026-11-22,M1321,Pham-Gregory,Travel,Inda,L1321,Ahmedabad,Maharashtra,Inda
T1322,2023-11-09,47738.5,Failed,ATM,C1322,Lisa Huffman,M,1986-01-27,lisa.huffman@outlook.com,6819337955,Chandigarh,Card1322,Credit,"Mcpherson, Anderson and Knapp",Silver,2028-09-13,M1322,Clay Group,Travel,India,L1322,Hyderabad,Delhi,Inda
T1323,2023-07-27,40710.83,Fraudulent,Online,C1323,Alexandria Oneill,O,1948-10-13,alexandria.oneill@yahoo.com,8752498838,Mumbai,Card1323,Credit,"Saunders, Ray and Cunningham",Silver,2027-09-12,M1323,"Marks, Stone and Watts",Retail,India,L1323,Kolkata,Punjab,india
T1324,2024-10-14,70288.91,Fraudulent,POS,C1324,Danielle Reed,O,1950-12-15,,7459864697,Chandigarh,Card1324,Credit,"Davidson, Hernandez and Serrano",Silver,2029-02-25,M1324,"Brown, Schneider and Moore",Grocery,India,L1324,Mumbai,Telangana,India
T1325,2025-04-11,73828.77,FAIL,pos,C1325,Angela Vasquez,M,1976-05-29,angela.vasquez@rediffmail.com,7319257122,Kolkata,Card1325,Credit,Rivera LLC,Platinum,2029-09-09,M1325,Hunter PLC,Retail,india,L1325,Bangalore,Kerala,india
T1326,2024-11-02,25088.46,sucsess,pos,C1326,Angela Wallace,F,1970-03-29,angela.wallace@gmail.com,7404158490,Kolkata,Card1326,Debit,"West, Gates and West",Silver,2028-11-25,M1326,Hooper Ltd,Travel,India,L1326,Ahmedabad,Gujarat,India
T1327,2024-11-10,11967.35,sucsess,atm,C1327,Andrew Dunn,F,1945-09-06,andrew.dunn@gmail.com,7121430699,Chennai,Card1327,Debit,Conner PLC,Gold,2026-05-06,M1327,"Torres, Romero and Clark",Electronics,India,L1327,Mumbai,Maharashtra,India
T1328,2024-11-24,72951.93,Failed,POS,C1328,Anthony Walker,F,1975-07-09,anthony.walker@gmail.com,7084504204,Mumbai,Card1328,Debit,Rivera-Saunders,Silver,2028-05-15,M1328,"Kennedy, Sandoval and Baldwin",Electronics,India,L1328,Ahmedabad,Maharashtra,Inda
T1329,2023-09-18,30713.95,Failed,POS,C1329,Henry Schultz,F,1951-02-07,henry.schultz@yahoo.com,7210994600,Lucknow,Card1329,Debit,Kelley-Brooks,Gold,2027-05-11,M1329,Williams and Sons,Travel,India,L1329,Kolkata,Telangana,india
T1330,2024-07-08,33494.79,Success,Online,C1330,Levi Lopez,O,1954-01-11,levi.lopez@yahoo.com,6106322642,Bangalore,Card1330,Credit,Lewis-Summers,Platinum,2028-12-14,M1330,Love Inc,Travel,India,L1330,Kolkata,Delhi,Inda
T1331,2025-01-30,47472.43,Failed,atm,C1331,Sara Chapman,O,1972-09-04,sara.chapman@yahoo.com,6098814096,Chennai,Card1331,Credit,Ellis-Lawrence,Gold,2025-11-13,M1331,"Taylor, Porter and Moreno",Travel,Inda,L1331,Hyderabad,Telangana,india
T1332,2023-07-29,19100.07,sucsess,pos,C1332,Karen Romero,O,1982-02-13,karen.romero@rediffmail.com,9597129290,Chandigarh,Card1332,Credit,Holt and Sons,Platinum,2029-02-25,M1332,"Ochoa, Garcia and Sandoval",Electronics,india,L1332,Kochi,West Bengal,India
T1333,2024-10-04,4656.69,Failed,ATM,C1333,Janice Petty,M,2004-07-16,janice.petty@yahoo.com,6874753275,Chennai,Card1333,Debit,"Farmer, Hill and Stuart",Gold,2028-03-17,M1333,Chavez-Anderson,Retail,Inda,L1333,Delhi,Delhi,Inda
T1334,2024-05-07,97163.31,FAIL,onlne,C1334,Michael Valencia,O,1985-06-22,michael.valencia@outlook.com,8746308829,Mumbai,Card1334,Debit,"Doyle, Spencer and Robinson",Gold,2029-10-30,M1334,Weber LLC,Grocery,india,L1334,Delhi,Telangana,india
T1335,2024-12-06,18122.62,Fraudulent,Online,C1335,Miss Tina Gordon,F,1967-12-21,miss.tina.gordon@rediffmail.com,7741444815,Chennai,Card1335,Credit,"Walsh, Page and Hodges",Platinum,2026-08-08,M1335,"Castillo, Duncan and Contreras",Retail,India,L1335,Mumbai,Uttar Pradesh,India
T1336,2024-05-11,8451.2,Failed,onlne,C1336,Ryan Stokes,O,1990-05-10,ryan.stokes@rediffmail.com,7786308760,Bangalore,Card1336,Credit,"Rodriguez, James and Brown",Silver,2030-01-05,M1336,Gonzalez and Sons,Travel,Inda,L1336,Mumbai,Delhi,India
T1337,2024-01-30,83664.69,Failed,Online,C1337,Antonio Mueller,M,1990-12-23,antonio.mueller@rediffmail.com,8310661812,Bangalore,Card1337,Credit,Molina Inc,Silver,2027-08-09,M1337,Cervantes-Garcia,Travel,India,L1337,Lucknow,Maharashtra,india
T1338,2025-04-26,67975.39,Failed,onlne,C1338,Natalie Hoffman,O,1990-06-11,natalie.hoffman@gmail.com,8361998615,Kolkata,Card1338,Debit,Dixon Ltd,Silver,2030-04-02,M1338,Schwartz-Williams,Electronics,Inda,L1338,Hyderabad,West Bengal,Inda
T1339,2024-04-13,99477.69,Failed,pos,C1339,Vanessa Edwards,F,1970-11-05,vanessa.edwards@yahoo.com,7337740592,Hyderabad,Card1339,Debit,"Brown, Manning and Harris",Platinum,2029-01-06,M1339,Greer-Pruitt,Travel,India,L1339,Delhi,Uttar Pradesh,india
T1340,2024-12-20,1813.75,FAIL,pos,C1340,Kimberly Morrison,M,1992-10-03,kimberly.morrison@rediffmail.com,7354567720,Mumbai,Card1340,Credit,"Brandt, Phillips and Thompson",Gold,2028-08-07,M1340,"Jones, Rivers and Moss",Grocery,india,L1340,Ahmedabad,Tamil Nadu,Inda
T1341,2023-09-22,7469.65,FAIL,POS,C1341,Justin Anderson,M,1970-02-21,justin.anderson@yahoo.com,7019730937,Chennai,Card1341,Debit,"Singleton, Smith and Owens",Silver,2025-10-26,M1341,Williams LLC,Electronics,India,L1341,Chennai,Gujarat,Inda
T1342,2024-09-27,42419.71,sucsess,atm,C1342,Kenneth Howard DDS,O,1947-12-08,kenneth.howard.dds@outlook.com,8460106611,Kolkata,Card1342,Debit,Fox-Krueger,Gold,2028-01-13,M1342,"Jones, Wagner and Perry",Travel,India,L1342,Chandigarh,Uttar Pradesh,India
T1343,2024-08-12,37210.67,sucsess,POS,C1343,Stephen Alvarado,F,1971-12-04,stephen.alvarado@gmail.com,7896064643,Mumbai,Card1343,Credit,Ward-Robinson,Platinum,2026-04-03,M1343,"Moreno, Barajas and Colon",Travel,India,L1343,Delhi,West Bengal,India
T1344,2024-11-07,9411.77,Fraudulent,Online,C1344,Jill Conway,F,1945-01-26,jill.conway@gmail.com,8129205094,Kolkata,Card1344,Debit,"Sellers, Sanchez and Williams",Gold,2026-06-13,M1344,James-Hogan,Travel,India,L1344,Mumbai,Telangana,india
T1345,2023-09-18,47747.61,Success,ATM,C1345,Diane Pruitt,M,1970-09-24,diane.pruitt@yahoo.com,123,Chennai,Card1345,Debit,Robertson-Hicks,Platinum,2027-08-28,M1345,Williams-Villanueva,Grocery,India,L1345,Chennai,Tamil Nadu,Inda
T1346,2023-11-18,15324.9,sucsess,Online,C1346,Brendan Bonilla,M,1966-04-09,brendan.bonilla@outlook.com,7338487326,Chennai,Card1346,Debit,"Ferguson, Sims and Clark",Silver,2029-11-04,M1346,"Ayala, Hancock and Coleman",Electronics,india,L1346,Chennai,West Bengal,India
T1347,2023-09-10,36410.86,Fraudulent,pos,C1347,Sherry Figueroa,F,1958-06-18,sherry.figueroa@outlook.com,7749974999,Kochi,Card1347,Credit,Lucas-Case,Platinum,2030-01-17,M1347,"Parks, Johnson and Love",Travel,india,L1347,Mumbai,Uttar Pradesh,Inda
T1348,2023-07-21,46281.63,Success,ATM,C1348,Robert Grant,F,1950-06-06,robert.grant@gmail.com,6728082130,Ahmedabad,Card1348,Debit,"Underwood, Bartlett and Russell",Silver,2026-02-04,M1348,Mccoy-Hamilton,Electronics,india,L1348,Delhi,Uttar Pradesh,india
T1349,2023-07-05,80872.5,sucsess,pos,C1349,Margaret Montgomery,M,1970-12-24,margaret.montgomery@rediffmail.com,9145912597,Bangalore,Card1349,Credit,"Richards, Haynes and Jones",Platinum,2026-06-24,M1349,"Rodriguez, Buchanan and Turner",Travel,Inda,L1349,Chennai,Maharashtra,India
T1350,2023-08-28,34992.7,sucsess,pos,C1350,Rodney Johnson,F,1963-08-19,rodney.johnson@outlook.com,9856280937,Chandigarh,Card1350,Credit,Ferguson and Sons,Gold,2029-03-12,M1350,"Myers, Salinas and Gardner",Electronics,India,L1350,Chandigarh,Kerala,India
T1351,2024-10-26,94338.04,Failed,onlne,C1351,Suzanne Norton,F,1954-04-12,suzanne.norton@yahoo.com,8089437627,Kochi,Card1351,Credit,"Wong, Bernard and Smith",Platinum,2028-01-04,M1351,"Thomas, Williams and Armstrong",Electronics,Inda,L1351,Chandigarh,Tamil Nadu,Inda
T1352,2024-04-23,82835.77,sucsess,atm,C1352,Elizabeth Goodman,F,1981-01-09,elizabeth.goodman@yahoo.com,6333381494,Mumbai,Card1352,Credit,"Cooper, Gutierrez and Brewer",Gold,2030-02-17,M1352,"Thomas, White and Jensen",Grocery,Inda,L1352,Lucknow,Uttar Pradesh,india
T1353,2024-01-04,44465.93,FAIL,Online,C1353,Robert Phelps,O,1957-09-12,robert.phelps@rediffmail.com,6981664479,Kolkata,Card1353,Debit,"Murray, Dunn and Roberts",Gold,2026-06-13,M1353,King and Sons,Retail,India,L1353,Ahmedabad,Maharashtra,india
T1354,2025-01-05,90028.71,sucsess,Online,C1354,Heather Lambert,M,1983-12-25,heather.lambert@rediffmail.com,9032282874,Bangalore,Card1354,Credit,Garcia PLC,Platinum,2029-08-13,M1354,Mccullough LLC,Travel,india,L1354,Chennai,Kerala,india
T1355,2024-07-03,10047.83,Failed,atm,C1355,Elizabeth Silva,M,1975-02-20,elizabeth.silva@yahoo.com,9885169195,Kochi,Card1355,Debit,"Knight, Aguirre and Benjamin",Platinum,2028-04-07,M1355,Smith and Sons,Grocery,india,L1355,Delhi,Maharashtra,India
T1356,2025-02-21,24048.22,Failed,ATM,C1356,Ian Frazier,M,1959-07-20,,7079037146,Chandigarh,Card1356,Credit,Humphrey-Ford,Gold,2029-03-07,M1356,Hampton-Tucker,Retail,india,L1356,Mumbai,Tamil Nadu,Inda
T1357,2023-09-14,7450.24,Success,POS,C1357,Shannon Taylor,O,1956-06-07,shannon.taylor@gmail.com,6128043834,Lucknow,Card1357,Debit,"Gonzalez, Gross and Sims",Platinum,2026-03-03,M1357,"Jones, Smith and Hunter",Grocery,India,L1357,Kolkata,Karnataka,India
T1358,2023-07-16,51223.3,Failed,POS,C1358,Patricia Lewis,F,1999-10-10,patricia.lewis@gmail.com,8946517910,Mumbai,Card1358,Credit,Arnold PLC,,2030-06-03,M1358,"Kennedy, Rowe and Diaz",Retail,Inda,L1358,Chennai,West Bengal,india
T1359,2023-12-12,10379.17,FAIL,ATM,C1359,Jonathan Davis,M,2005-02-18,jonathan.davis@outlook.com,8484992187,Delhi,Card1359,Debit,Shaw-Bates,Gold,2027-12-13,M1359,"Sutton, Todd and Taylor",Travel,india,L1359,Kochi,Maharashtra,Inda
T1360,2023-10-23,11553.53,Fraudulent,pos,C1360,Mary Faulkner,M,1956-08-30,mary.faulkner@outlook.com,6489246895,Hyderabad,Card1360,Credit,"Dennis, Crosby and Williams",Platinum,2030-04-16,M1360,Hall-Baker,Grocery,india,L1360,Mumbai,Karnataka,india
T1361,2023-12-20,7574.94,sucsess,onlne,C1361,Rebecca Hughes,F,1947-05-22,rebecca.hughes@yahoo.com,8853651268,Hyderabad,Card1361,Debit,Keith-Williams,Silver,2027-03-26,M1361,"Nguyen, Padilla and Boyd",Electronics,India,L1361,Kolkata,Uttar Pradesh,India
T1362,2025-03-27,91811.64,Success,ATM,C1362,Laura Bennett,O,1963-01-31,laura.bennett@outlook.com,7526899284,Bangalore,Card1362,Credit,Diaz-Valdez,Gold,2027-09-18,M1362,Black Group,Travel,india,L1362,Hyderabad,Uttar Pradesh,India
T1363,2025-05-26,86152.74,sucsess,POS,C1363,Robert Reed,M,1959-08-23,robert.reed@gmail.com,9469891281,Mumbai,Card1363,Credit,Eaton-Smith,Gold,2029-11-12,M1363,Gonzales and Sons,Retail,Inda,L1363,Bangalore,West Bengal,India
T1364,2023-08-20,44733.3,Success,atm,C1364,Cody Cox,O,1979-06-27,cody.cox@gmail.com,9211418789,Delhi,Card1364,Debit,"Montoya, Guerrero and Perry",Gold,2027-11-11,M1364,Cortez-Olson,Electronics,India,L1364,Mumbai,West Bengal,india
T1365,2024-06-27,76184.09,FAIL,ATM,C1365,Maria Jenkins,F,1977-01-26,maria.jenkins@yahoo.com,7604264343,Ahmedabad,Card1365,Credit,Williams PLC,Silver,2027-04-07,M1365,"Martin, Soto and Williams",Grocery,india,L1365,Lucknow,Gujarat,Inda
T1366,2024-09-08,2955.77,FAIL,pos,C1366,Thomas Black,F,1954-06-20,thomas.black@yahoo.com,9138618728,Kolkata,Card1366,Credit,Greene-Elliott,Silver,2025-12-12,M1366,Johns Ltd,Grocery,India,L1366,Lucknow,Punjab,india
T1367,2024-11-16,64669.85,Success,POS,C1367,Claire Obrien,M,2000-05-12,claire.obrien@outlook.com,6674245544,Bangalore,Card1367,Credit,Dillon-Jackson,Silver,2027-11-19,M1367,Burke-Norton,Retail,india,L1367,Delhi,Kerala,Inda
T1368,2025-03-20,73935.17,Failed,POS,C1368,Kayla Jackson,F,1996-09-13,kayla.jackson@gmail.com,8412672019,Mumbai,Card1368,Credit,"Cooper, Chavez and Garza",Gold,2027-01-08,M1368,Gray and Sons,Retail,Inda,L1368,Ahmedabad,Uttar Pradesh,india
T1369,2023-09-14,52574.39,Failed,POS,C1369,Susan Cohen,M,1945-08-07,susan.cohen@gmail.com,6595421859,Mumbai,Card1369,Debit,Jacobs and Sons,Gold,2027-03-12,M1369,Valenzuela-Greene,Travel,Inda,L1369,Kolkata,Gujarat,india
T1370,2025-05-03,85640.93,Failed,ATM,C1370,Autumn Olson,F,1997-10-25,,8878951670,Bangalore,Card1370,Credit,Winters PLC,Platinum,2029-12-29,M1370,Prince Ltd,Travel,India,L1370,Mumbai,Delhi,india
T1371,2024-11-07,61275.51,sucsess,pos,C1371,Shaun Wolfe,O,1973-11-01,shaun.wolfe@rediffmail.com,7268349305,Hyderabad,Card1371,Debit,Perez-Lang,Silver,2029-11-29,M1371,Bell-Ballard,Grocery,india,L1371,Chennai,Punjab,india
T1372,2025-05-27,-100.0,Fraudulent,POS,C1372,Cesar Woods,F,1996-04-18,cesar.woods@outlook.com,6700250346,Kolkata,Card1372,Credit,Kent Inc,Platinum,2030-05-16,M1372,George-Stephens,Grocery,india,L1372,Kochi,Maharashtra,india
T1373,2024-01-08,68363.79,Failed,ATM,C1373,Rachel Lane,M,1957-05-03,rachel.lane@outlook.com,9490233563,Lucknow,Card1373,Credit,Meyer Group,Silver,2025-07-08,M1373,"Harris, Brock and Ortiz",Electronics,Inda,L1373,Chennai,Uttar Pradesh,india
T1374,2023-09-12,30308.76,Failed,atm,C1374,Dawn Wyatt,O,1955-01-03,dawn.wyatt@outlook.com,8444405947,Hyderabad,Card1374,Credit,Cunningham-Carr,Platinum,2029-02-04,M1374,"Sanders, Harris and Arnold",Retail,india,L1374,Chennai,Uttar Pradesh,Inda
T1375,2024-08-28,12232.12,FAIL,onlne,C1375,,O,1977-04-21,,9802915856,Bangalore,Card1375,Credit,Hansen-Webb,Platinum,2026-12-29,M1375,Lane-Schroeder,Electronics,India,L1375,Delhi,Tamil Nadu,india
T1376,2024-04-26,12268.96,sucsess,pos,C1376,Mary Adkins,M,1994-07-17,mary.adkins@gmail.com,7106102484,Delhi,Card1376,Debit,Logan-Avery,Platinum,2026-08-24,M1376,Lewis Group,Retail,india,L1376,Chennai,Karnataka,India
T1377,2025-02-21,42540.81,Success,ATM,C1377,Melinda Williams,F,1967-07-03,melinda.williams@yahoo.com,7426946361,Mumbai,Card1377,Debit,Oconnell-Smith,,2030-02-26,M1377,Morrow Group,Electronics,India,L1377,Hyderabad,Tamil Nadu,india
T1378,2025-06-10,46002.23,Failed,ATM,C1378,Dennis Wood,O,1985-04-27,dennis.wood@gmail.com,8582955116,Kolkata,Card1378,Debit,"Johnson, Cruz and Joyce",Platinum,2029-03-05,M1378,"Douglas, Mitchell and Stuart",Electronics,Inda,L1378,Chennai,Kerala,Inda
T1379,2023-08-05,67964.3,Fraudulent,POS,C1379,Jessica Harris,O,1997-02-12,jessica.harris@outlook.com,8555800726,Delhi,Card1379,Credit,"Galvan, Holmes and Lee",Silver,2026-12-18,M1379,"Dixon, Hale and Gilbert",Electronics,india,L1379,Mumbai,Karnataka,Inda
T1380,2024-11-26,25324.24,sucsess,onlne,C1380,Aaron Moore,F,1946-12-05,,9768936395,Delhi,Card1380,Credit,Chan-Gomez,Gold,2028-07-13,M1380,Sullivan-Gonzalez,Grocery,India,L1380,Kochi,Karnataka,Inda
T1381,2023-07-03,57079.97,sucsess,atm,C1381,Krista Barber,F,1994-08-15,krista.barber@gmail.com,6345017964,Hyderabad,Card1381,Credit,"Herman, Bailey and Richmond",Gold,2026-01-21,M1381,Perez-Mccarty,Electronics,India,L1381,Kochi,Maharashtra,India
T1382,2024-06-09,7570.23,FAIL,POS,C1382,Christopher Hunter,O,1971-12-18,christopher.hunter@gmail.com,6632992708,Kochi,Card1382,Debit,"Jones, Phillips and Arroyo",Silver,2030-05-13,M1382,"Frye, Walter and Li",Retail,Inda,L1382,Ahmedabad,West Bengal,Inda
T1383,2024-09-10,70338.77,Success,ATM,C1383,Kristine Carrillo,M,1961-06-30,kristine.carrillo@outlook.com,6157968209,Lucknow,Card1383,Credit,Ali-Ellis,Gold,2029-03-28,M1383,Mosley-Atkins,Travel,Inda,L1383,Bangalore,Maharashtra,India
T1384,2024-06-30,1907.68,sucsess,Online,C1384,Mark Gamble,F,1952-05-20,mark.gamble@outlook.com,8782907163,Lucknow,Card1384,Credit,"Haynes, Mcbride and Gutierrez",Gold,2027-09-01,M1384,Black-Smith,Retail,india,L1384,Mumbai,Kerala,india
T1385,2025-03-29,7753.51,Failed,pos,C1385,James Goodman,M,1962-05-24,james.goodman@gmail.com,6527875907,Kolkata,Card1385,Credit,Jones-Velazquez,Platinum,2027-08-02,M1385,Edwards-Robinson,Grocery,india,L1385,Chennai,Kerala,india
T1386,2024-09-09,52731.73,Fraudulent,ATM,C1386,Melanie Browning,O,1962-10-13,melanie.browning@gmail.com,7473927972,Chandigarh,Card1386,Credit,Mclaughlin-Young,Gold,2027-01-10,M1386,Salas and Sons,Electronics,india,L1386,Mumbai,Delhi,India
T1387,2023-12-17,27102.83,FAIL,pos,C1387,Heather Maxwell,F,1958-04-09,heather.maxwell@outlook.com,7177024790,Mumbai,Card1387,Credit,Mora Ltd,Platinum,2027-08-06,M1387,"Vasquez, Smith and Vincent",Retail,india,L1387,Lucknow,Gujarat,India
T1388,2023-07-24,2831.78,FAIL,pos,C1388,Ethan Villanueva,F,2002-03-07,ethan.villanueva@rediffmail.com,8079973827,Bangalore,Card1388,Credit,"Melton, Henry and Joyce",Platinum,2029-07-29,M1388,"Ramirez, Walker and Ray",Travel,Inda,L1388,Ahmedabad,Uttar Pradesh,Inda
T1389,2023-08-03,57151.15,Success,atm,C1389,Joshua Shaw,F,1980-04-01,joshua.shaw@outlook.com,9492926297,Hyderabad,Card1389,Debit,Dalton-Parsons,Platinum,2029-01-26,M1389,Bray-Wolfe,Retail,India,L1389,Kolkata,Kerala,Inda
T1390,2024-06-13,31471.25,Success,pos,C1390,Daniel Carpenter,M,1965-12-14,daniel.carpenter@yahoo.com,6449482092,Kolkata,Card1390,Debit,Ward-Hensley,Gold,2025-07-18,M1390,Dunn and Sons,Grocery,India,L1390,Kochi,Karnataka,India
T1391,2024-01-17,71860.1,FAIL,POS,C1391,Jonathan Clark,F,1976-07-19,,9507072268,Mumbai,Card1391,Credit,"Goodwin, Diaz and Morales",Silver,2028-05-22,M1391,White-Anderson,Grocery,India,L1391,Hyderabad,Kerala,india
T1392,2024-09-11,4556.6,Failed,atm,C1392,Michelle Brock,M,1991-02-26,michelle.brock@gmail.com,8137346496,Mumbai,Card1392,Credit,"Reynolds, James and Thomas",Platinum,2027-06-02,M1392,"Hernandez, Shaffer and Thompson",Travel,India,L1392,Lucknow,Kerala,India
T1393,2024-07-14,52081.57,Fraudulent,ATM,C1393,Emily Tucker,M,1953-08-16,emily.tucker@gmail.com,7596751876,Kochi,Card1393,Debit,Hart-Bradley,Gold,2029-11-14,M1393,Garcia-Martin,Travel,India,L1393,Ahmedabad,Telangana,Inda
T1394,2023-12-06,12615.6,FAIL,POS,C1394,Mark Cole,F,1999-11-08,mark.cole@rediffmail.com,9335966445,Kochi,Card1394,Credit,Green-Ward,Gold,2027-08-21,M1394,"Frederick, Scott and Smith",Retail,India,L1394,Lucknow,Uttar Pradesh,Inda
T1395,2023-09-24,98994.36,Failed,atm,C1395,Marie Ryan,O,1968-05-13,marie.ryan@yahoo.com,9012597104,Lucknow,Card1395,Debit,Kelly-Nunez,Gold,2027-03-02,M1395,Hampton-Griffin,Grocery,Inda,L1395,Kolkata,Maharashtra,india
T1396,2023-08-21,72398.38,FAIL,atm,C1396,Tyler Oneill,M,1970-05-28,tyler.oneill@gmail.com,6099967477,Chennai,Card1396,Credit,"Morton, Rogers and Welch",Gold,2027-11-29,M1396,"Sullivan, Meadows and Miller",Electronics,india,L1396,Hyderabad,Gujarat,India
T1397,2024-03-14,81417.32,Failed,pos,C1397,Eddie Adams,O,1960-01-02,eddie.adams@gmail.com,9358584331,Kolkata,Card1397,Debit,"Foster, Barron and Norman",Gold,2028-02-20,M1397,Adkins-Meyer,Travel,india,L1397,Ahmedabad,Gujarat,India
T1398,2024-06-05,79919.3,Success,pos,C1398,Alexander Luna,M,1972-08-23,alexander.luna@outlook.com,6961287099,Hyderabad,Card1398,Credit,"King, Manning and Brady",Platinum,2026-11-23,M1398,Jackson Inc,Electronics,Inda,L1398,Chennai,Gujarat,india
T1399,2023-09-04,15757.05,Fraudulent,ATM,C1399,Allison Sanders,F,1948-10-24,allison.sanders@gmail.com,9401269872,Chandigarh,Card1399,Credit,Garcia PLC,Gold,2029-07-01,M1399,Miller Group,Retail,india,L1399,Mumbai,Punjab,india
